ACTUALIZAR;;;;;;9981;0;103021290;1;;;35;57;2;1;1;0;0;0;;Cierre masivo por retiro no rentable menor a $20.000;;;;;;;;;;;;;;;;;;;;;;;;;;;;;;;;;;;;;;;;;;;;;;;;;;;;;;;;;;;;;;;;;;;;;;;;;;;;;;;;;;;;;;;;;;;;;;;;;;;;;;;;;;;;;;;;;;;;;;;;;;;;;;;;;Cierre masivo por retiro no rentable menor a $20.000;
ACTUALIZAR;;;;;;9981;0;103045437;1;;;35;57;2;2;1;0;0;0;;Cierre masivo por retiro no rentable menor a $20.000;;;;;;;;;;;;;;;;;;;;;;;;;;;;;;;;;;;;;;;;;;;;;;;;;;;;;;;;;;;;;;;;;;;;;;;;;;;;;;;;;;;;;;;;;;;;;;;;;;;;;;;;;;;;;;;;;;;;;;;;;;;;;;;;;Cierre masivo por retiro no rentable menor a $20.000;
ACTUALIZAR;;;;;;9981;0;103046819;1;;;35;57;2;21;2;0;0;0;;Cierre masivo por retiro no rentable menor a $20.000;;;;;;;;;;;;;;;;;;;;;;;;;;;;;;;;;;;;;;;;;;;;;;;;;;;;;;;;;;;;;;;;;;;;;;;;;;;;;;;;;;;;;;;;;;;;;;;;;;;;;;;;;;;;;;;;;;;;;;;;;;;;;;;;;Cierre masivo por retiro no rentable menor a $20.000;
ACTUALIZAR;;;;;;9981;0;103052735;1;;;35;57;2;1;1;0;0;0;;Cierre masivo por retiro no rentable menor a $20.000;;;;;;;;;;;;;;;;;;;;;;;;;;;;;;;;;;;;;;;;;;;;;;;;;;;;;;;;;;;;;;;;;;;;;;;;;;;;;;;;;;;;;;;;;;;;;;;;;;;;;;;;;;;;;;;;;;;;;;;;;;;;;;;;;Cierre masivo por retiro no rentable menor a $20.000;
ACTUALIZAR;;;;;;9981;0;103054551;1;;;35;57;2;2;1;0;0;0;;Cierre masivo por retiro no rentable menor a $20.000;;;;;;;;;;;;;;;;;;;;;;;;;;;;;;;;;;;;;;;;;;;;;;;;;;;;;;;;;;;;;;;;;;;;;;;;;;;;;;;;;;;;;;;;;;;;;;;;;;;;;;;;;;;;;;;;;;;;;;;;;;;;;;;;;Cierre masivo por retiro no rentable menor a $20.000;
ACTUALIZAR;;;;;;9981;0;103054554;1;;;35;57;2;2;1;0;0;0;;Cierre masivo por retiro no rentable menor a $20.000;;;;;;;;;;;;;;;;;;;;;;;;;;;;;;;;;;;;;;;;;;;;;;;;;;;;;;;;;;;;;;;;;;;;;;;;;;;;;;;;;;;;;;;;;;;;;;;;;;;;;;;;;;;;;;;;;;;;;;;;;;;;;;;;;Cierre masivo por retiro no rentable menor a $20.000;
ACTUALIZAR;;;;;;9981;0;103054564;1;;;35;57;2;2;1;0;0;0;;Cierre masivo por retiro no rentable menor a $20.000;;;;;;;;;;;;;;;;;;;;;;;;;;;;;;;;;;;;;;;;;;;;;;;;;;;;;;;;;;;;;;;;;;;;;;;;;;;;;;;;;;;;;;;;;;;;;;;;;;;;;;;;;;;;;;;;;;;;;;;;;;;;;;;;;Cierre masivo por retiro no rentable menor a $20.000;
ACTUALIZAR;;;;;;9981;0;103054582;1;;;35;57;2;21;2;0;0;0;;Cierre masivo por retiro no rentable menor a $20.000;;;;;;;;;;;;;;;;;;;;;;;;;;;;;;;;;;;;;;;;;;;;;;;;;;;;;;;;;;;;;;;;;;;;;;;;;;;;;;;;;;;;;;;;;;;;;;;;;;;;;;;;;;;;;;;;;;;;;;;;;;;;;;;;;Cierre masivo por retiro no rentable menor a $20.000;
ACTUALIZAR;;;;;;9981;0;103054591;1;;;35;57;2;21;2;0;0;0;;Cierre masivo por retiro no rentable menor a $20.000;;;;;;;;;;;;;;;;;;;;;;;;;;;;;;;;;;;;;;;;;;;;;;;;;;;;;;;;;;;;;;;;;;;;;;;;;;;;;;;;;;;;;;;;;;;;;;;;;;;;;;;;;;;;;;;;;;;;;;;;;;;;;;;;;Cierre masivo por retiro no rentable menor a $20.000;
ACTUALIZAR;;;;;;9981;0;103056180;1;;;35;57;2;2;1;0;0;0;;Cierre masivo por retiro no rentable menor a $20.000;;;;;;;;;;;;;;;;;;;;;;;;;;;;;;;;;;;;;;;;;;;;;;;;;;;;;;;;;;;;;;;;;;;;;;;;;;;;;;;;;;;;;;;;;;;;;;;;;;;;;;;;;;;;;;;;;;;;;;;;;;;;;;;;;Cierre masivo por retiro no rentable menor a $20.000;
ACTUALIZAR;;;;;;9981;0;103057433;1;;;35;57;2;21;2;0;0;0;;Cierre masivo por retiro no rentable menor a $20.000;;;;;;;;;;;;;;;;;;;;;;;;;;;;;;;;;;;;;;;;;;;;;;;;;;;;;;;;;;;;;;;;;;;;;;;;;;;;;;;;;;;;;;;;;;;;;;;;;;;;;;;;;;;;;;;;;;;;;;;;;;;;;;;;;Cierre masivo por retiro no rentable menor a $20.000;
ACTUALIZAR;;;;;;9981;0;103057434;1;;;35;57;2;21;2;0;0;0;;Cierre masivo por retiro no rentable menor a $20.000;;;;;;;;;;;;;;;;;;;;;;;;;;;;;;;;;;;;;;;;;;;;;;;;;;;;;;;;;;;;;;;;;;;;;;;;;;;;;;;;;;;;;;;;;;;;;;;;;;;;;;;;;;;;;;;;;;;;;;;;;;;;;;;;;Cierre masivo por retiro no rentable menor a $20.000;
ACTUALIZAR;;;;;;9981;0;103057439;1;;;35;57;2;21;2;0;0;0;;Cierre masivo por retiro no rentable menor a $20.000;;;;;;;;;;;;;;;;;;;;;;;;;;;;;;;;;;;;;;;;;;;;;;;;;;;;;;;;;;;;;;;;;;;;;;;;;;;;;;;;;;;;;;;;;;;;;;;;;;;;;;;;;;;;;;;;;;;;;;;;;;;;;;;;;Cierre masivo por retiro no rentable menor a $20.000;
ACTUALIZAR;;;;;;9981;0;103057445;1;;;35;57;2;21;2;0;0;0;;Cierre masivo por retiro no rentable menor a $20.000;;;;;;;;;;;;;;;;;;;;;;;;;;;;;;;;;;;;;;;;;;;;;;;;;;;;;;;;;;;;;;;;;;;;;;;;;;;;;;;;;;;;;;;;;;;;;;;;;;;;;;;;;;;;;;;;;;;;;;;;;;;;;;;;;Cierre masivo por retiro no rentable menor a $20.000;
ACTUALIZAR;;;;;;9981;0;103057448;1;;;35;57;2;21;2;0;0;0;;Cierre masivo por retiro no rentable menor a $20.000;;;;;;;;;;;;;;;;;;;;;;;;;;;;;;;;;;;;;;;;;;;;;;;;;;;;;;;;;;;;;;;;;;;;;;;;;;;;;;;;;;;;;;;;;;;;;;;;;;;;;;;;;;;;;;;;;;;;;;;;;;;;;;;;;Cierre masivo por retiro no rentable menor a $20.000;
ACTUALIZAR;;;;;;9981;0;103057457;1;;;35;57;2;20;2;0;0;0;;Cierre masivo por retiro no rentable menor a $20.000;;;;;;;;;;;;;;;;;;;;;;;;;;;;;;;;;;;;;;;;;;;;;;;;;;;;;;;;;;;;;;;;;;;;;;;;;;;;;;;;;;;;;;;;;;;;;;;;;;;;;;;;;;;;;;;;;;;;;;;;;;;;;;;;;Cierre masivo por retiro no rentable menor a $20.000;
ACTUALIZAR;;;;;;9981;0;103057470;1;;;35;57;2;20;2;0;0;0;;Cierre masivo por retiro no rentable menor a $20.000;;;;;;;;;;;;;;;;;;;;;;;;;;;;;;;;;;;;;;;;;;;;;;;;;;;;;;;;;;;;;;;;;;;;;;;;;;;;;;;;;;;;;;;;;;;;;;;;;;;;;;;;;;;;;;;;;;;;;;;;;;;;;;;;;Cierre masivo por retiro no rentable menor a $20.000;
ACTUALIZAR;;;;;;9981;0;103058128;1;;;35;57;2;1;1;0;0;0;;Cierre masivo por retiro no rentable menor a $20.000;;;;;;;;;;;;;;;;;;;;;;;;;;;;;;;;;;;;;;;;;;;;;;;;;;;;;;;;;;;;;;;;;;;;;;;;;;;;;;;;;;;;;;;;;;;;;;;;;;;;;;;;;;;;;;;;;;;;;;;;;;;;;;;;;Cierre masivo por retiro no rentable menor a $20.000;
ACTUALIZAR;;;;;;9981;0;103058131;1;;;35;57;2;1;1;0;0;0;;Cierre masivo por retiro no rentable menor a $20.000;;;;;;;;;;;;;;;;;;;;;;;;;;;;;;;;;;;;;;;;;;;;;;;;;;;;;;;;;;;;;;;;;;;;;;;;;;;;;;;;;;;;;;;;;;;;;;;;;;;;;;;;;;;;;;;;;;;;;;;;;;;;;;;;;Cierre masivo por retiro no rentable menor a $20.000;
ACTUALIZAR;;;;;;9981;0;103058161;1;;;35;57;2;2;1;0;0;0;;Cierre masivo por retiro no rentable menor a $20.000;;;;;;;;;;;;;;;;;;;;;;;;;;;;;;;;;;;;;;;;;;;;;;;;;;;;;;;;;;;;;;;;;;;;;;;;;;;;;;;;;;;;;;;;;;;;;;;;;;;;;;;;;;;;;;;;;;;;;;;;;;;;;;;;;Cierre masivo por retiro no rentable menor a $20.000;
ACTUALIZAR;;;;;;9981;0;103058163;1;;;35;57;2;2;1;0;0;0;;Cierre masivo por retiro no rentable menor a $20.000;;;;;;;;;;;;;;;;;;;;;;;;;;;;;;;;;;;;;;;;;;;;;;;;;;;;;;;;;;;;;;;;;;;;;;;;;;;;;;;;;;;;;;;;;;;;;;;;;;;;;;;;;;;;;;;;;;;;;;;;;;;;;;;;;Cierre masivo por retiro no rentable menor a $20.000;
ACTUALIZAR;;;;;;9981;0;103058169;1;;;35;57;2;2;1;0;0;0;;Cierre masivo por retiro no rentable menor a $20.000;;;;;;;;;;;;;;;;;;;;;;;;;;;;;;;;;;;;;;;;;;;;;;;;;;;;;;;;;;;;;;;;;;;;;;;;;;;;;;;;;;;;;;;;;;;;;;;;;;;;;;;;;;;;;;;;;;;;;;;;;;;;;;;;;Cierre masivo por retiro no rentable menor a $20.000;
ACTUALIZAR;;;;;;9981;0;103058178;1;;;35;57;2;2;1;0;0;0;;Cierre masivo por retiro no rentable menor a $20.000;;;;;;;;;;;;;;;;;;;;;;;;;;;;;;;;;;;;;;;;;;;;;;;;;;;;;;;;;;;;;;;;;;;;;;;;;;;;;;;;;;;;;;;;;;;;;;;;;;;;;;;;;;;;;;;;;;;;;;;;;;;;;;;;;Cierre masivo por retiro no rentable menor a $20.000;
ACTUALIZAR;;;;;;9981;0;103058511;1;;;35;57;2;2;1;0;0;0;;Cierre masivo por retiro no rentable menor a $20.000;;;;;;;;;;;;;;;;;;;;;;;;;;;;;;;;;;;;;;;;;;;;;;;;;;;;;;;;;;;;;;;;;;;;;;;;;;;;;;;;;;;;;;;;;;;;;;;;;;;;;;;;;;;;;;;;;;;;;;;;;;;;;;;;;Cierre masivo por retiro no rentable menor a $20.000;
ACTUALIZAR;;;;;;9981;0;103058532;1;;;35;57;2;2;1;0;0;0;;Cierre masivo por retiro no rentable menor a $20.000;;;;;;;;;;;;;;;;;;;;;;;;;;;;;;;;;;;;;;;;;;;;;;;;;;;;;;;;;;;;;;;;;;;;;;;;;;;;;;;;;;;;;;;;;;;;;;;;;;;;;;;;;;;;;;;;;;;;;;;;;;;;;;;;;Cierre masivo por retiro no rentable menor a $20.000;
ACTUALIZAR;;;;;;9981;0;103058535;1;;;35;57;2;2;1;0;0;0;;Cierre masivo por retiro no rentable menor a $20.000;;;;;;;;;;;;;;;;;;;;;;;;;;;;;;;;;;;;;;;;;;;;;;;;;;;;;;;;;;;;;;;;;;;;;;;;;;;;;;;;;;;;;;;;;;;;;;;;;;;;;;;;;;;;;;;;;;;;;;;;;;;;;;;;;Cierre masivo por retiro no rentable menor a $20.000;
ACTUALIZAR;;;;;;9981;0;103058553;1;;;35;57;2;2;1;0;0;0;;Cierre masivo por retiro no rentable menor a $20.000;;;;;;;;;;;;;;;;;;;;;;;;;;;;;;;;;;;;;;;;;;;;;;;;;;;;;;;;;;;;;;;;;;;;;;;;;;;;;;;;;;;;;;;;;;;;;;;;;;;;;;;;;;;;;;;;;;;;;;;;;;;;;;;;;Cierre masivo por retiro no rentable menor a $20.000;
ACTUALIZAR;;;;;;9981;0;103058561;1;;;35;57;2;2;1;0;0;0;;Cierre masivo por retiro no rentable menor a $20.000;;;;;;;;;;;;;;;;;;;;;;;;;;;;;;;;;;;;;;;;;;;;;;;;;;;;;;;;;;;;;;;;;;;;;;;;;;;;;;;;;;;;;;;;;;;;;;;;;;;;;;;;;;;;;;;;;;;;;;;;;;;;;;;;;Cierre masivo por retiro no rentable menor a $20.000;
ACTUALIZAR;;;;;;9981;0;103058905;1;;;35;57;2;2;1;0;0;0;;Cierre masivo por retiro no rentable menor a $20.000;;;;;;;;;;;;;;;;;;;;;;;;;;;;;;;;;;;;;;;;;;;;;;;;;;;;;;;;;;;;;;;;;;;;;;;;;;;;;;;;;;;;;;;;;;;;;;;;;;;;;;;;;;;;;;;;;;;;;;;;;;;;;;;;;Cierre masivo por retiro no rentable menor a $20.000;
ACTUALIZAR;;;;;;9981;0;103058907;1;;;35;57;2;2;1;0;0;0;;Cierre masivo por retiro no rentable menor a $20.000;;;;;;;;;;;;;;;;;;;;;;;;;;;;;;;;;;;;;;;;;;;;;;;;;;;;;;;;;;;;;;;;;;;;;;;;;;;;;;;;;;;;;;;;;;;;;;;;;;;;;;;;;;;;;;;;;;;;;;;;;;;;;;;;;Cierre masivo por retiro no rentable menor a $20.000;
ACTUALIZAR;;;;;;9981;0;103058909;1;;;35;57;2;2;1;0;0;0;;Cierre masivo por retiro no rentable menor a $20.000;;;;;;;;;;;;;;;;;;;;;;;;;;;;;;;;;;;;;;;;;;;;;;;;;;;;;;;;;;;;;;;;;;;;;;;;;;;;;;;;;;;;;;;;;;;;;;;;;;;;;;;;;;;;;;;;;;;;;;;;;;;;;;;;;Cierre masivo por retiro no rentable menor a $20.000;
ACTUALIZAR;;;;;;9981;0;103058919;1;;;35;57;2;2;1;0;0;0;;Cierre masivo por retiro no rentable menor a $20.000;;;;;;;;;;;;;;;;;;;;;;;;;;;;;;;;;;;;;;;;;;;;;;;;;;;;;;;;;;;;;;;;;;;;;;;;;;;;;;;;;;;;;;;;;;;;;;;;;;;;;;;;;;;;;;;;;;;;;;;;;;;;;;;;;Cierre masivo por retiro no rentable menor a $20.000;
ACTUALIZAR;;;;;;9981;0;103058920;1;;;35;57;2;2;1;0;0;0;;Cierre masivo por retiro no rentable menor a $20.000;;;;;;;;;;;;;;;;;;;;;;;;;;;;;;;;;;;;;;;;;;;;;;;;;;;;;;;;;;;;;;;;;;;;;;;;;;;;;;;;;;;;;;;;;;;;;;;;;;;;;;;;;;;;;;;;;;;;;;;;;;;;;;;;;Cierre masivo por retiro no rentable menor a $20.000;
ACTUALIZAR;;;;;;9981;0;103058921;1;;;35;57;2;2;1;0;0;0;;Cierre masivo por retiro no rentable menor a $20.000;;;;;;;;;;;;;;;;;;;;;;;;;;;;;;;;;;;;;;;;;;;;;;;;;;;;;;;;;;;;;;;;;;;;;;;;;;;;;;;;;;;;;;;;;;;;;;;;;;;;;;;;;;;;;;;;;;;;;;;;;;;;;;;;;Cierre masivo por retiro no rentable menor a $20.000;
ACTUALIZAR;;;;;;9981;0;103058929;1;;;35;57;2;2;1;0;0;0;;Cierre masivo por retiro no rentable menor a $20.000;;;;;;;;;;;;;;;;;;;;;;;;;;;;;;;;;;;;;;;;;;;;;;;;;;;;;;;;;;;;;;;;;;;;;;;;;;;;;;;;;;;;;;;;;;;;;;;;;;;;;;;;;;;;;;;;;;;;;;;;;;;;;;;;;Cierre masivo por retiro no rentable menor a $20.000;
ACTUALIZAR;;;;;;9981;0;103058947;1;;;35;57;2;2;1;0;0;0;;Cierre masivo por retiro no rentable menor a $20.000;;;;;;;;;;;;;;;;;;;;;;;;;;;;;;;;;;;;;;;;;;;;;;;;;;;;;;;;;;;;;;;;;;;;;;;;;;;;;;;;;;;;;;;;;;;;;;;;;;;;;;;;;;;;;;;;;;;;;;;;;;;;;;;;;Cierre masivo por retiro no rentable menor a $20.000;
ACTUALIZAR;;;;;;9981;0;103059381;1;;;35;57;2;21;2;0;0;0;;Cierre masivo por retiro no rentable menor a $20.000;;;;;;;;;;;;;;;;;;;;;;;;;;;;;;;;;;;;;;;;;;;;;;;;;;;;;;;;;;;;;;;;;;;;;;;;;;;;;;;;;;;;;;;;;;;;;;;;;;;;;;;;;;;;;;;;;;;;;;;;;;;;;;;;;Cierre masivo por retiro no rentable menor a $20.000;
ACTUALIZAR;;;;;;9981;0;103059396;1;;;35;57;2;21;2;0;0;0;;Cierre masivo por retiro no rentable menor a $20.000;;;;;;;;;;;;;;;;;;;;;;;;;;;;;;;;;;;;;;;;;;;;;;;;;;;;;;;;;;;;;;;;;;;;;;;;;;;;;;;;;;;;;;;;;;;;;;;;;;;;;;;;;;;;;;;;;;;;;;;;;;;;;;;;;Cierre masivo por retiro no rentable menor a $20.000;
ACTUALIZAR;;;;;;9981;0;103059414;1;;;35;57;2;21;2;0;0;0;;Cierre masivo por retiro no rentable menor a $20.000;;;;;;;;;;;;;;;;;;;;;;;;;;;;;;;;;;;;;;;;;;;;;;;;;;;;;;;;;;;;;;;;;;;;;;;;;;;;;;;;;;;;;;;;;;;;;;;;;;;;;;;;;;;;;;;;;;;;;;;;;;;;;;;;;Cierre masivo por retiro no rentable menor a $20.000;
ACTUALIZAR;;;;;;9981;0;103060564;1;;;35;57;2;1;1;0;0;0;;Cierre masivo por retiro no rentable menor a $20.000;;;;;;;;;;;;;;;;;;;;;;;;;;;;;;;;;;;;;;;;;;;;;;;;;;;;;;;;;;;;;;;;;;;;;;;;;;;;;;;;;;;;;;;;;;;;;;;;;;;;;;;;;;;;;;;;;;;;;;;;;;;;;;;;;Cierre masivo por retiro no rentable menor a $20.000;
ACTUALIZAR;;;;;;9981;0;103060591;1;;;35;57;2;2;1;0;0;0;;Cierre masivo por retiro no rentable menor a $20.000;;;;;;;;;;;;;;;;;;;;;;;;;;;;;;;;;;;;;;;;;;;;;;;;;;;;;;;;;;;;;;;;;;;;;;;;;;;;;;;;;;;;;;;;;;;;;;;;;;;;;;;;;;;;;;;;;;;;;;;;;;;;;;;;;Cierre masivo por retiro no rentable menor a $20.000;
ACTUALIZAR;;;;;;9981;0;103060598;1;;;35;57;2;2;1;0;0;0;;Cierre masivo por retiro no rentable menor a $20.000;;;;;;;;;;;;;;;;;;;;;;;;;;;;;;;;;;;;;;;;;;;;;;;;;;;;;;;;;;;;;;;;;;;;;;;;;;;;;;;;;;;;;;;;;;;;;;;;;;;;;;;;;;;;;;;;;;;;;;;;;;;;;;;;;Cierre masivo por retiro no rentable menor a $20.000;
ACTUALIZAR;;;;;;9981;0;103060599;1;;;35;57;2;2;1;0;0;0;;Cierre masivo por retiro no rentable menor a $20.000;;;;;;;;;;;;;;;;;;;;;;;;;;;;;;;;;;;;;;;;;;;;;;;;;;;;;;;;;;;;;;;;;;;;;;;;;;;;;;;;;;;;;;;;;;;;;;;;;;;;;;;;;;;;;;;;;;;;;;;;;;;;;;;;;Cierre masivo por retiro no rentable menor a $20.000;
ACTUALIZAR;;;;;;9981;0;103060607;1;;;35;57;2;2;1;0;0;0;;Cierre masivo por retiro no rentable menor a $20.000;;;;;;;;;;;;;;;;;;;;;;;;;;;;;;;;;;;;;;;;;;;;;;;;;;;;;;;;;;;;;;;;;;;;;;;;;;;;;;;;;;;;;;;;;;;;;;;;;;;;;;;;;;;;;;;;;;;;;;;;;;;;;;;;;Cierre masivo por retiro no rentable menor a $20.000;
ACTUALIZAR;;;;;;9981;0;103060612;1;;;35;57;2;2;1;0;0;0;;Cierre masivo por retiro no rentable menor a $20.000;;;;;;;;;;;;;;;;;;;;;;;;;;;;;;;;;;;;;;;;;;;;;;;;;;;;;;;;;;;;;;;;;;;;;;;;;;;;;;;;;;;;;;;;;;;;;;;;;;;;;;;;;;;;;;;;;;;;;;;;;;;;;;;;;Cierre masivo por retiro no rentable menor a $20.000;
ACTUALIZAR;;;;;;9981;0;103060615;1;;;35;57;2;2;1;0;0;0;;Cierre masivo por retiro no rentable menor a $20.000;;;;;;;;;;;;;;;;;;;;;;;;;;;;;;;;;;;;;;;;;;;;;;;;;;;;;;;;;;;;;;;;;;;;;;;;;;;;;;;;;;;;;;;;;;;;;;;;;;;;;;;;;;;;;;;;;;;;;;;;;;;;;;;;;Cierre masivo por retiro no rentable menor a $20.000;
ACTUALIZAR;;;;;;9981;0;103060953;1;;;35;57;2;1;1;0;0;0;;Cierre masivo por retiro no rentable menor a $20.000;;;;;;;;;;;;;;;;;;;;;;;;;;;;;;;;;;;;;;;;;;;;;;;;;;;;;;;;;;;;;;;;;;;;;;;;;;;;;;;;;;;;;;;;;;;;;;;;;;;;;;;;;;;;;;;;;;;;;;;;;;;;;;;;;Cierre masivo por retiro no rentable menor a $20.000;
ACTUALIZAR;;;;;;9981;0;103060972;1;;;35;57;2;1;1;0;0;0;;Cierre masivo por retiro no rentable menor a $20.000;;;;;;;;;;;;;;;;;;;;;;;;;;;;;;;;;;;;;;;;;;;;;;;;;;;;;;;;;;;;;;;;;;;;;;;;;;;;;;;;;;;;;;;;;;;;;;;;;;;;;;;;;;;;;;;;;;;;;;;;;;;;;;;;;Cierre masivo por retiro no rentable menor a $20.000;
ACTUALIZAR;;;;;;9981;0;103060975;1;;;35;57;2;1;1;0;0;0;;Cierre masivo por retiro no rentable menor a $20.000;;;;;;;;;;;;;;;;;;;;;;;;;;;;;;;;;;;;;;;;;;;;;;;;;;;;;;;;;;;;;;;;;;;;;;;;;;;;;;;;;;;;;;;;;;;;;;;;;;;;;;;;;;;;;;;;;;;;;;;;;;;;;;;;;Cierre masivo por retiro no rentable menor a $20.000;
ACTUALIZAR;;;;;;9981;0;103060977;1;;;35;57;2;1;1;0;0;0;;Cierre masivo por retiro no rentable menor a $20.000;;;;;;;;;;;;;;;;;;;;;;;;;;;;;;;;;;;;;;;;;;;;;;;;;;;;;;;;;;;;;;;;;;;;;;;;;;;;;;;;;;;;;;;;;;;;;;;;;;;;;;;;;;;;;;;;;;;;;;;;;;;;;;;;;Cierre masivo por retiro no rentable menor a $20.000;
ACTUALIZAR;;;;;;9981;0;103060978;1;;;35;57;2;1;1;0;0;0;;Cierre masivo por retiro no rentable menor a $20.000;;;;;;;;;;;;;;;;;;;;;;;;;;;;;;;;;;;;;;;;;;;;;;;;;;;;;;;;;;;;;;;;;;;;;;;;;;;;;;;;;;;;;;;;;;;;;;;;;;;;;;;;;;;;;;;;;;;;;;;;;;;;;;;;;Cierre masivo por retiro no rentable menor a $20.000;
ACTUALIZAR;;;;;;9981;0;103060985;1;;;35;57;2;1;1;0;0;0;;Cierre masivo por retiro no rentable menor a $20.000;;;;;;;;;;;;;;;;;;;;;;;;;;;;;;;;;;;;;;;;;;;;;;;;;;;;;;;;;;;;;;;;;;;;;;;;;;;;;;;;;;;;;;;;;;;;;;;;;;;;;;;;;;;;;;;;;;;;;;;;;;;;;;;;;Cierre masivo por retiro no rentable menor a $20.000;
ACTUALIZAR;;;;;;9981;0;103060987;1;;;35;57;2;1;1;0;0;0;;Cierre masivo por retiro no rentable menor a $20.000;;;;;;;;;;;;;;;;;;;;;;;;;;;;;;;;;;;;;;;;;;;;;;;;;;;;;;;;;;;;;;;;;;;;;;;;;;;;;;;;;;;;;;;;;;;;;;;;;;;;;;;;;;;;;;;;;;;;;;;;;;;;;;;;;Cierre masivo por retiro no rentable menor a $20.000;
ACTUALIZAR;;;;;;9981;0;103061038;1;;;35;57;2;2;1;0;0;0;;Cierre masivo por retiro no rentable menor a $20.000;;;;;;;;;;;;;;;;;;;;;;;;;;;;;;;;;;;;;;;;;;;;;;;;;;;;;;;;;;;;;;;;;;;;;;;;;;;;;;;;;;;;;;;;;;;;;;;;;;;;;;;;;;;;;;;;;;;;;;;;;;;;;;;;;Cierre masivo por retiro no rentable menor a $20.000;
ACTUALIZAR;;;;;;9981;0;103061046;1;;;35;57;2;2;1;0;0;0;;Cierre masivo por retiro no rentable menor a $20.000;;;;;;;;;;;;;;;;;;;;;;;;;;;;;;;;;;;;;;;;;;;;;;;;;;;;;;;;;;;;;;;;;;;;;;;;;;;;;;;;;;;;;;;;;;;;;;;;;;;;;;;;;;;;;;;;;;;;;;;;;;;;;;;;;Cierre masivo por retiro no rentable menor a $20.000;
ACTUALIZAR;;;;;;9981;0;103061049;1;;;35;57;2;2;1;0;0;0;;Cierre masivo por retiro no rentable menor a $20.000;;;;;;;;;;;;;;;;;;;;;;;;;;;;;;;;;;;;;;;;;;;;;;;;;;;;;;;;;;;;;;;;;;;;;;;;;;;;;;;;;;;;;;;;;;;;;;;;;;;;;;;;;;;;;;;;;;;;;;;;;;;;;;;;;Cierre masivo por retiro no rentable menor a $20.000;
ACTUALIZAR;;;;;;9981;0;103061053;1;;;35;57;2;2;1;0;0;0;;Cierre masivo por retiro no rentable menor a $20.000;;;;;;;;;;;;;;;;;;;;;;;;;;;;;;;;;;;;;;;;;;;;;;;;;;;;;;;;;;;;;;;;;;;;;;;;;;;;;;;;;;;;;;;;;;;;;;;;;;;;;;;;;;;;;;;;;;;;;;;;;;;;;;;;;Cierre masivo por retiro no rentable menor a $20.000;
ACTUALIZAR;;;;;;9981;0;103061055;1;;;35;57;2;2;1;0;0;0;;Cierre masivo por retiro no rentable menor a $20.000;;;;;;;;;;;;;;;;;;;;;;;;;;;;;;;;;;;;;;;;;;;;;;;;;;;;;;;;;;;;;;;;;;;;;;;;;;;;;;;;;;;;;;;;;;;;;;;;;;;;;;;;;;;;;;;;;;;;;;;;;;;;;;;;;Cierre masivo por retiro no rentable menor a $20.000;
ACTUALIZAR;;;;;;9981;0;103061057;1;;;35;57;2;2;1;0;0;0;;Cierre masivo por retiro no rentable menor a $20.000;;;;;;;;;;;;;;;;;;;;;;;;;;;;;;;;;;;;;;;;;;;;;;;;;;;;;;;;;;;;;;;;;;;;;;;;;;;;;;;;;;;;;;;;;;;;;;;;;;;;;;;;;;;;;;;;;;;;;;;;;;;;;;;;;Cierre masivo por retiro no rentable menor a $20.000;
ACTUALIZAR;;;;;;9981;0;103061059;1;;;35;57;2;2;1;0;0;0;;Cierre masivo por retiro no rentable menor a $20.000;;;;;;;;;;;;;;;;;;;;;;;;;;;;;;;;;;;;;;;;;;;;;;;;;;;;;;;;;;;;;;;;;;;;;;;;;;;;;;;;;;;;;;;;;;;;;;;;;;;;;;;;;;;;;;;;;;;;;;;;;;;;;;;;;Cierre masivo por retiro no rentable menor a $20.000;
ACTUALIZAR;;;;;;9981;0;103061085;1;;;35;57;2;2;1;0;0;0;;Cierre masivo por retiro no rentable menor a $20.000;;;;;;;;;;;;;;;;;;;;;;;;;;;;;;;;;;;;;;;;;;;;;;;;;;;;;;;;;;;;;;;;;;;;;;;;;;;;;;;;;;;;;;;;;;;;;;;;;;;;;;;;;;;;;;;;;;;;;;;;;;;;;;;;;Cierre masivo por retiro no rentable menor a $20.000;
ACTUALIZAR;;;;;;9981;0;103061086;1;;;35;57;2;2;1;0;0;0;;Cierre masivo por retiro no rentable menor a $20.000;;;;;;;;;;;;;;;;;;;;;;;;;;;;;;;;;;;;;;;;;;;;;;;;;;;;;;;;;;;;;;;;;;;;;;;;;;;;;;;;;;;;;;;;;;;;;;;;;;;;;;;;;;;;;;;;;;;;;;;;;;;;;;;;;Cierre masivo por retiro no rentable menor a $20.000;
ACTUALIZAR;;;;;;9981;0;103061087;1;;;35;57;2;2;1;0;0;0;;Cierre masivo por retiro no rentable menor a $20.000;;;;;;;;;;;;;;;;;;;;;;;;;;;;;;;;;;;;;;;;;;;;;;;;;;;;;;;;;;;;;;;;;;;;;;;;;;;;;;;;;;;;;;;;;;;;;;;;;;;;;;;;;;;;;;;;;;;;;;;;;;;;;;;;;Cierre masivo por retiro no rentable menor a $20.000;
ACTUALIZAR;;;;;;9981;0;103061153;1;;;35;57;2;21;2;0;0;0;;Cierre masivo por retiro no rentable menor a $20.000;;;;;;;;;;;;;;;;;;;;;;;;;;;;;;;;;;;;;;;;;;;;;;;;;;;;;;;;;;;;;;;;;;;;;;;;;;;;;;;;;;;;;;;;;;;;;;;;;;;;;;;;;;;;;;;;;;;;;;;;;;;;;;;;;Cierre masivo por retiro no rentable menor a $20.000;
ACTUALIZAR;;;;;;9981;0;103061160;1;;;35;57;2;21;2;0;0;0;;Cierre masivo por retiro no rentable menor a $20.000;;;;;;;;;;;;;;;;;;;;;;;;;;;;;;;;;;;;;;;;;;;;;;;;;;;;;;;;;;;;;;;;;;;;;;;;;;;;;;;;;;;;;;;;;;;;;;;;;;;;;;;;;;;;;;;;;;;;;;;;;;;;;;;;;Cierre masivo por retiro no rentable menor a $20.000;
ACTUALIZAR;;;;;;9981;0;103061175;1;;;35;57;2;21;2;0;0;0;;Cierre masivo por retiro no rentable menor a $20.000;;;;;;;;;;;;;;;;;;;;;;;;;;;;;;;;;;;;;;;;;;;;;;;;;;;;;;;;;;;;;;;;;;;;;;;;;;;;;;;;;;;;;;;;;;;;;;;;;;;;;;;;;;;;;;;;;;;;;;;;;;;;;;;;;Cierre masivo por retiro no rentable menor a $20.000;
ACTUALIZAR;;;;;;9981;0;103061179;1;;;35;57;2;20;2;0;0;0;;Cierre masivo por retiro no rentable menor a $20.000;;;;;;;;;;;;;;;;;;;;;;;;;;;;;;;;;;;;;;;;;;;;;;;;;;;;;;;;;;;;;;;;;;;;;;;;;;;;;;;;;;;;;;;;;;;;;;;;;;;;;;;;;;;;;;;;;;;;;;;;;;;;;;;;;Cierre masivo por retiro no rentable menor a $20.000;
ACTUALIZAR;;;;;;9981;0;103062076;1;;;35;57;2;1;1;0;0;0;;Cierre masivo por retiro no rentable menor a $20.000;;;;;;;;;;;;;;;;;;;;;;;;;;;;;;;;;;;;;;;;;;;;;;;;;;;;;;;;;;;;;;;;;;;;;;;;;;;;;;;;;;;;;;;;;;;;;;;;;;;;;;;;;;;;;;;;;;;;;;;;;;;;;;;;;Cierre masivo por retiro no rentable menor a $20.000;
ACTUALIZAR;;;;;;9981;0;103062384;1;;;35;57;2;2;1;0;0;0;;Cierre masivo por retiro no rentable menor a $20.000;;;;;;;;;;;;;;;;;;;;;;;;;;;;;;;;;;;;;;;;;;;;;;;;;;;;;;;;;;;;;;;;;;;;;;;;;;;;;;;;;;;;;;;;;;;;;;;;;;;;;;;;;;;;;;;;;;;;;;;;;;;;;;;;;Cierre masivo por retiro no rentable menor a $20.000;
ACTUALIZAR;;;;;;9981;0;103062581;1;;;35;57;2;21;2;0;0;0;;Cierre masivo por retiro no rentable menor a $20.000;;;;;;;;;;;;;;;;;;;;;;;;;;;;;;;;;;;;;;;;;;;;;;;;;;;;;;;;;;;;;;;;;;;;;;;;;;;;;;;;;;;;;;;;;;;;;;;;;;;;;;;;;;;;;;;;;;;;;;;;;;;;;;;;;Cierre masivo por retiro no rentable menor a $20.000;
ACTUALIZAR;;;;;;9981;0;103062584;1;;;35;57;2;21;2;0;0;0;;Cierre masivo por retiro no rentable menor a $20.000;;;;;;;;;;;;;;;;;;;;;;;;;;;;;;;;;;;;;;;;;;;;;;;;;;;;;;;;;;;;;;;;;;;;;;;;;;;;;;;;;;;;;;;;;;;;;;;;;;;;;;;;;;;;;;;;;;;;;;;;;;;;;;;;;Cierre masivo por retiro no rentable menor a $20.000;
ACTUALIZAR;;;;;;9981;0;103062901;1;;;35;57;2;1;1;0;0;0;;Cierre masivo por retiro no rentable menor a $20.000;;;;;;;;;;;;;;;;;;;;;;;;;;;;;;;;;;;;;;;;;;;;;;;;;;;;;;;;;;;;;;;;;;;;;;;;;;;;;;;;;;;;;;;;;;;;;;;;;;;;;;;;;;;;;;;;;;;;;;;;;;;;;;;;;Cierre masivo por retiro no rentable menor a $20.000;
ACTUALIZAR;;;;;;9981;0;103063189;1;;;35;57;2;2;1;0;0;0;;Cierre masivo por retiro no rentable menor a $20.000;;;;;;;;;;;;;;;;;;;;;;;;;;;;;;;;;;;;;;;;;;;;;;;;;;;;;;;;;;;;;;;;;;;;;;;;;;;;;;;;;;;;;;;;;;;;;;;;;;;;;;;;;;;;;;;;;;;;;;;;;;;;;;;;;Cierre masivo por retiro no rentable menor a $20.000;
ACTUALIZAR;;;;;;9981;0;103063222;1;;;35;57;2;2;1;0;0;0;;Cierre masivo por retiro no rentable menor a $20.000;;;;;;;;;;;;;;;;;;;;;;;;;;;;;;;;;;;;;;;;;;;;;;;;;;;;;;;;;;;;;;;;;;;;;;;;;;;;;;;;;;;;;;;;;;;;;;;;;;;;;;;;;;;;;;;;;;;;;;;;;;;;;;;;;Cierre masivo por retiro no rentable menor a $20.000;
ACTUALIZAR;;;;;;9981;0;103063231;1;;;35;57;2;2;1;0;0;0;;Cierre masivo por retiro no rentable menor a $20.000;;;;;;;;;;;;;;;;;;;;;;;;;;;;;;;;;;;;;;;;;;;;;;;;;;;;;;;;;;;;;;;;;;;;;;;;;;;;;;;;;;;;;;;;;;;;;;;;;;;;;;;;;;;;;;;;;;;;;;;;;;;;;;;;;Cierre masivo por retiro no rentable menor a $20.000;
ACTUALIZAR;;;;;;9981;0;103064266;1;;;35;57;2;21;2;0;0;0;;Cierre masivo por retiro no rentable menor a $20.000;;;;;;;;;;;;;;;;;;;;;;;;;;;;;;;;;;;;;;;;;;;;;;;;;;;;;;;;;;;;;;;;;;;;;;;;;;;;;;;;;;;;;;;;;;;;;;;;;;;;;;;;;;;;;;;;;;;;;;;;;;;;;;;;;Cierre masivo por retiro no rentable menor a $20.000;
ACTUALIZAR;;;;;;9981;0;103064268;1;;;35;57;2;21;2;0;0;0;;Cierre masivo por retiro no rentable menor a $20.000;;;;;;;;;;;;;;;;;;;;;;;;;;;;;;;;;;;;;;;;;;;;;;;;;;;;;;;;;;;;;;;;;;;;;;;;;;;;;;;;;;;;;;;;;;;;;;;;;;;;;;;;;;;;;;;;;;;;;;;;;;;;;;;;;Cierre masivo por retiro no rentable menor a $20.000;
ACTUALIZAR;;;;;;9981;0;103064730;1;;;35;57;2;2;1;0;0;0;;Cierre masivo por retiro no rentable menor a $20.000;;;;;;;;;;;;;;;;;;;;;;;;;;;;;;;;;;;;;;;;;;;;;;;;;;;;;;;;;;;;;;;;;;;;;;;;;;;;;;;;;;;;;;;;;;;;;;;;;;;;;;;;;;;;;;;;;;;;;;;;;;;;;;;;;Cierre masivo por retiro no rentable menor a $20.000;
ACTUALIZAR;;;;;;9981;0;103064737;1;;;35;57;2;2;1;0;0;0;;Cierre masivo por retiro no rentable menor a $20.000;;;;;;;;;;;;;;;;;;;;;;;;;;;;;;;;;;;;;;;;;;;;;;;;;;;;;;;;;;;;;;;;;;;;;;;;;;;;;;;;;;;;;;;;;;;;;;;;;;;;;;;;;;;;;;;;;;;;;;;;;;;;;;;;;Cierre masivo por retiro no rentable menor a $20.000;
ACTUALIZAR;;;;;;9981;0;103064738;1;;;35;57;2;2;1;0;0;0;;Cierre masivo por retiro no rentable menor a $20.000;;;;;;;;;;;;;;;;;;;;;;;;;;;;;;;;;;;;;;;;;;;;;;;;;;;;;;;;;;;;;;;;;;;;;;;;;;;;;;;;;;;;;;;;;;;;;;;;;;;;;;;;;;;;;;;;;;;;;;;;;;;;;;;;;Cierre masivo por retiro no rentable menor a $20.000;
ACTUALIZAR;;;;;;9981;0;103064864;1;;;35;57;2;2;1;0;0;0;;Cierre masivo por retiro no rentable menor a $20.000;;;;;;;;;;;;;;;;;;;;;;;;;;;;;;;;;;;;;;;;;;;;;;;;;;;;;;;;;;;;;;;;;;;;;;;;;;;;;;;;;;;;;;;;;;;;;;;;;;;;;;;;;;;;;;;;;;;;;;;;;;;;;;;;;Cierre masivo por retiro no rentable menor a $20.000;
ACTUALIZAR;;;;;;9981;0;103064869;1;;;35;57;2;2;1;0;0;0;;Cierre masivo por retiro no rentable menor a $20.000;;;;;;;;;;;;;;;;;;;;;;;;;;;;;;;;;;;;;;;;;;;;;;;;;;;;;;;;;;;;;;;;;;;;;;;;;;;;;;;;;;;;;;;;;;;;;;;;;;;;;;;;;;;;;;;;;;;;;;;;;;;;;;;;;Cierre masivo por retiro no rentable menor a $20.000;
ACTUALIZAR;;;;;;9981;0;103064877;1;;;35;57;2;2;1;0;0;0;;Cierre masivo por retiro no rentable menor a $20.000;;;;;;;;;;;;;;;;;;;;;;;;;;;;;;;;;;;;;;;;;;;;;;;;;;;;;;;;;;;;;;;;;;;;;;;;;;;;;;;;;;;;;;;;;;;;;;;;;;;;;;;;;;;;;;;;;;;;;;;;;;;;;;;;;Cierre masivo por retiro no rentable menor a $20.000;
ACTUALIZAR;;;;;;9981;0;103064898;1;;;35;57;2;2;1;0;0;0;;Cierre masivo por retiro no rentable menor a $20.000;;;;;;;;;;;;;;;;;;;;;;;;;;;;;;;;;;;;;;;;;;;;;;;;;;;;;;;;;;;;;;;;;;;;;;;;;;;;;;;;;;;;;;;;;;;;;;;;;;;;;;;;;;;;;;;;;;;;;;;;;;;;;;;;;Cierre masivo por retiro no rentable menor a $20.000;
ACTUALIZAR;;;;;;9981;0;103064901;1;;;35;57;2;2;1;0;0;0;;Cierre masivo por retiro no rentable menor a $20.000;;;;;;;;;;;;;;;;;;;;;;;;;;;;;;;;;;;;;;;;;;;;;;;;;;;;;;;;;;;;;;;;;;;;;;;;;;;;;;;;;;;;;;;;;;;;;;;;;;;;;;;;;;;;;;;;;;;;;;;;;;;;;;;;;Cierre masivo por retiro no rentable menor a $20.000;
ACTUALIZAR;;;;;;9981;0;103065141;1;;;35;57;2;2;1;0;0;0;;Cierre masivo por retiro no rentable menor a $20.000;;;;;;;;;;;;;;;;;;;;;;;;;;;;;;;;;;;;;;;;;;;;;;;;;;;;;;;;;;;;;;;;;;;;;;;;;;;;;;;;;;;;;;;;;;;;;;;;;;;;;;;;;;;;;;;;;;;;;;;;;;;;;;;;;Cierre masivo por retiro no rentable menor a $20.000;
ACTUALIZAR;;;;;;9981;0;103065142;1;;;35;57;2;2;1;0;0;0;;Cierre masivo por retiro no rentable menor a $20.000;;;;;;;;;;;;;;;;;;;;;;;;;;;;;;;;;;;;;;;;;;;;;;;;;;;;;;;;;;;;;;;;;;;;;;;;;;;;;;;;;;;;;;;;;;;;;;;;;;;;;;;;;;;;;;;;;;;;;;;;;;;;;;;;;Cierre masivo por retiro no rentable menor a $20.000;
ACTUALIZAR;;;;;;9981;0;103066282;1;;;35;57;22;1;1;0;0;0;;Por favor su ayuda con regularización de NC emitida en tienda ;;;;;;;;;;;;;;;;;;;;;;;;;;;;;;;;;;;;;;;;;;;;;;;;;;;;;;;;;;;;;;;;;;;;;;;;;;;;;;;;;;;;;;;;;;;;;;;;;;;;;;;;;;;;;;;;;;;;;;;;;;;;;;;;;Por favor su ayuda con regularización de NC emitida en tienda ;
ACTUALIZAR;;;;;;9981;0;103066505;1;;;35;57;22;1;1;0;0;0;;Por favor su ayuda con regularización de NC emitida en tienda ;;;;;;;;;;;;;;;;;;;;;;;;;;;;;;;;;;;;;;;;;;;;;;;;;;;;;;;;;;;;;;;;;;;;;;;;;;;;;;;;;;;;;;;;;;;;;;;;;;;;;;;;;;;;;;;;;;;;;;;;;;;;;;;;;Por favor su ayuda con regularización de NC emitida en tienda ;
ACTUALIZAR;;;;;;9981;0;103066929;1;;;35;57;2;1;1;0;0;0;;Cierre masivo por retiro no rentable menor a $20.000;;;;;;;;;;;;;;;;;;;;;;;;;;;;;;;;;;;;;;;;;;;;;;;;;;;;;;;;;;;;;;;;;;;;;;;;;;;;;;;;;;;;;;;;;;;;;;;;;;;;;;;;;;;;;;;;;;;;;;;;;;;;;;;;;Cierre masivo por retiro no rentable menor a $20.000;
ACTUALIZAR;;;;;;9981;0;103067250;1;;;35;57;2;1;1;0;0;0;;Cierre masivo por retiro no rentable menor a $20.000;;;;;;;;;;;;;;;;;;;;;;;;;;;;;;;;;;;;;;;;;;;;;;;;;;;;;;;;;;;;;;;;;;;;;;;;;;;;;;;;;;;;;;;;;;;;;;;;;;;;;;;;;;;;;;;;;;;;;;;;;;;;;;;;;Cierre masivo por retiro no rentable menor a $20.000;
ACTUALIZAR;;;;;;9981;0;103067264;1;;;35;57;2;2;1;0;0;0;;Cierre masivo por retiro no rentable menor a $20.000;;;;;;;;;;;;;;;;;;;;;;;;;;;;;;;;;;;;;;;;;;;;;;;;;;;;;;;;;;;;;;;;;;;;;;;;;;;;;;;;;;;;;;;;;;;;;;;;;;;;;;;;;;;;;;;;;;;;;;;;;;;;;;;;;Cierre masivo por retiro no rentable menor a $20.000;
ACTUALIZAR;;;;;;9981;0;103067273;1;;;35;57;2;2;1;0;0;0;;Cierre masivo por retiro no rentable menor a $20.000;;;;;;;;;;;;;;;;;;;;;;;;;;;;;;;;;;;;;;;;;;;;;;;;;;;;;;;;;;;;;;;;;;;;;;;;;;;;;;;;;;;;;;;;;;;;;;;;;;;;;;;;;;;;;;;;;;;;;;;;;;;;;;;;;Cierre masivo por retiro no rentable menor a $20.000;
ACTUALIZAR;;;;;;9981;0;103067584;1;;;35;57;2;2;1;0;0;0;;Cierre masivo por retiro no rentable menor a $20.000;;;;;;;;;;;;;;;;;;;;;;;;;;;;;;;;;;;;;;;;;;;;;;;;;;;;;;;;;;;;;;;;;;;;;;;;;;;;;;;;;;;;;;;;;;;;;;;;;;;;;;;;;;;;;;;;;;;;;;;;;;;;;;;;;Cierre masivo por retiro no rentable menor a $20.000;
ACTUALIZAR;;;;;;9981;0;103067591;1;;;35;57;2;2;1;0;0;0;;Cierre masivo por retiro no rentable menor a $20.000;;;;;;;;;;;;;;;;;;;;;;;;;;;;;;;;;;;;;;;;;;;;;;;;;;;;;;;;;;;;;;;;;;;;;;;;;;;;;;;;;;;;;;;;;;;;;;;;;;;;;;;;;;;;;;;;;;;;;;;;;;;;;;;;;Cierre masivo por retiro no rentable menor a $20.000;
ACTUALIZAR;;;;;;9981;0;103067875;1;;;35;57;2;2;1;0;0;0;;Cierre masivo por retiro no rentable menor a $20.000;;;;;;;;;;;;;;;;;;;;;;;;;;;;;;;;;;;;;;;;;;;;;;;;;;;;;;;;;;;;;;;;;;;;;;;;;;;;;;;;;;;;;;;;;;;;;;;;;;;;;;;;;;;;;;;;;;;;;;;;;;;;;;;;;Cierre masivo por retiro no rentable menor a $20.000;
ACTUALIZAR;;;;;;9981;0;103068204;1;;;35;57;2;21;2;0;0;0;;Cierre masivo por retiro no rentable menor a $20.000;;;;;;;;;;;;;;;;;;;;;;;;;;;;;;;;;;;;;;;;;;;;;;;;;;;;;;;;;;;;;;;;;;;;;;;;;;;;;;;;;;;;;;;;;;;;;;;;;;;;;;;;;;;;;;;;;;;;;;;;;;;;;;;;;Cierre masivo por retiro no rentable menor a $20.000;
ACTUALIZAR;;;;;;9981;0;103068208;1;;;35;57;2;21;2;0;0;0;;Cierre masivo por retiro no rentable menor a $20.000;;;;;;;;;;;;;;;;;;;;;;;;;;;;;;;;;;;;;;;;;;;;;;;;;;;;;;;;;;;;;;;;;;;;;;;;;;;;;;;;;;;;;;;;;;;;;;;;;;;;;;;;;;;;;;;;;;;;;;;;;;;;;;;;;Cierre masivo por retiro no rentable menor a $20.000;
ACTUALIZAR;;;;;;9981;0;103068794;1;;;35;57;2;1;1;0;0;0;;Cierre masivo por retiro no rentable menor a $20.000;;;;;;;;;;;;;;;;;;;;;;;;;;;;;;;;;;;;;;;;;;;;;;;;;;;;;;;;;;;;;;;;;;;;;;;;;;;;;;;;;;;;;;;;;;;;;;;;;;;;;;;;;;;;;;;;;;;;;;;;;;;;;;;;;Cierre masivo por retiro no rentable menor a $20.000;
ACTUALIZAR;;;;;;9981;0;103069395;1;;;35;57;22;1;1;0;0;0;;Por favor su ayuda con regularización de NC emitida en tienda ;;;;;;;;;;;;;;;;;;;;;;;;;;;;;;;;;;;;;;;;;;;;;;;;;;;;;;;;;;;;;;;;;;;;;;;;;;;;;;;;;;;;;;;;;;;;;;;;;;;;;;;;;;;;;;;;;;;;;;;;;;;;;;;;;Por favor su ayuda con regularización de NC emitida en tienda ;
ACTUALIZAR;;;;;;9981;0;103069398;1;;;35;57;22;1;1;0;0;0;;Por favor su ayuda con regularización de NC emitida en tienda ;;;;;;;;;;;;;;;;;;;;;;;;;;;;;;;;;;;;;;;;;;;;;;;;;;;;;;;;;;;;;;;;;;;;;;;;;;;;;;;;;;;;;;;;;;;;;;;;;;;;;;;;;;;;;;;;;;;;;;;;;;;;;;;;;Por favor su ayuda con regularización de NC emitida en tienda ;
ACTUALIZAR;;;;;;9981;0;103069432;1;;;35;57;22;1;1;0;0;0;;Por favor su ayuda con regularización de NC emitida en tienda ;;;;;;;;;;;;;;;;;;;;;;;;;;;;;;;;;;;;;;;;;;;;;;;;;;;;;;;;;;;;;;;;;;;;;;;;;;;;;;;;;;;;;;;;;;;;;;;;;;;;;;;;;;;;;;;;;;;;;;;;;;;;;;;;;Por favor su ayuda con regularización de NC emitida en tienda ;
ACTUALIZAR;;;;;;9981;0;103069467;1;;;35;57;22;1;1;0;0;0;;Por favor su ayuda con regularización de NC emitida en tienda ;;;;;;;;;;;;;;;;;;;;;;;;;;;;;;;;;;;;;;;;;;;;;;;;;;;;;;;;;;;;;;;;;;;;;;;;;;;;;;;;;;;;;;;;;;;;;;;;;;;;;;;;;;;;;;;;;;;;;;;;;;;;;;;;;Por favor su ayuda con regularización de NC emitida en tienda ;
ACTUALIZAR;;;;;;9981;0;103069495;1;;;35;57;22;1;1;0;0;0;;Por favor su ayuda con regularización de NC emitida en tienda ;;;;;;;;;;;;;;;;;;;;;;;;;;;;;;;;;;;;;;;;;;;;;;;;;;;;;;;;;;;;;;;;;;;;;;;;;;;;;;;;;;;;;;;;;;;;;;;;;;;;;;;;;;;;;;;;;;;;;;;;;;;;;;;;;Por favor su ayuda con regularización de NC emitida en tienda ;
ACTUALIZAR;;;;;;9981;0;103069503;1;;;35;57;22;1;1;0;0;0;;Por favor su ayuda con regularización de NC emitida en tienda ;;;;;;;;;;;;;;;;;;;;;;;;;;;;;;;;;;;;;;;;;;;;;;;;;;;;;;;;;;;;;;;;;;;;;;;;;;;;;;;;;;;;;;;;;;;;;;;;;;;;;;;;;;;;;;;;;;;;;;;;;;;;;;;;;Por favor su ayuda con regularización de NC emitida en tienda ;
ACTUALIZAR;;;;;;9981;0;103069514;1;;;35;57;22;1;1;0;0;0;;Por favor su ayuda con regularización de NC emitida en tienda ;;;;;;;;;;;;;;;;;;;;;;;;;;;;;;;;;;;;;;;;;;;;;;;;;;;;;;;;;;;;;;;;;;;;;;;;;;;;;;;;;;;;;;;;;;;;;;;;;;;;;;;;;;;;;;;;;;;;;;;;;;;;;;;;;Por favor su ayuda con regularización de NC emitida en tienda ;
ACTUALIZAR;;;;;;9981;0;103069535;1;;;35;57;22;1;1;0;0;0;;Por favor su ayuda con regularización de NC emitida en tienda ;;;;;;;;;;;;;;;;;;;;;;;;;;;;;;;;;;;;;;;;;;;;;;;;;;;;;;;;;;;;;;;;;;;;;;;;;;;;;;;;;;;;;;;;;;;;;;;;;;;;;;;;;;;;;;;;;;;;;;;;;;;;;;;;;Por favor su ayuda con regularización de NC emitida en tienda ;
ACTUALIZAR;;;;;;9981;0;103069606;1;;;35;57;22;1;1;0;0;0;;Por favor su ayuda con regularización de NC emitida en tienda ;;;;;;;;;;;;;;;;;;;;;;;;;;;;;;;;;;;;;;;;;;;;;;;;;;;;;;;;;;;;;;;;;;;;;;;;;;;;;;;;;;;;;;;;;;;;;;;;;;;;;;;;;;;;;;;;;;;;;;;;;;;;;;;;;Por favor su ayuda con regularización de NC emitida en tienda ;
ACTUALIZAR;;;;;;9981;0;103069649;1;;;35;57;22;1;1;0;0;0;;Por favor su ayuda con regularización de NC emitida en tienda ;;;;;;;;;;;;;;;;;;;;;;;;;;;;;;;;;;;;;;;;;;;;;;;;;;;;;;;;;;;;;;;;;;;;;;;;;;;;;;;;;;;;;;;;;;;;;;;;;;;;;;;;;;;;;;;;;;;;;;;;;;;;;;;;;Por favor su ayuda con regularización de NC emitida en tienda ;
ACTUALIZAR;;;;;;9981;0;103069654;1;;;35;57;22;1;1;0;0;0;;Por favor su ayuda con regularización de NC emitida en tienda ;;;;;;;;;;;;;;;;;;;;;;;;;;;;;;;;;;;;;;;;;;;;;;;;;;;;;;;;;;;;;;;;;;;;;;;;;;;;;;;;;;;;;;;;;;;;;;;;;;;;;;;;;;;;;;;;;;;;;;;;;;;;;;;;;Por favor su ayuda con regularización de NC emitida en tienda ;
ACTUALIZAR;;;;;;9981;0;103069685;1;;;35;57;22;1;1;0;0;0;;Por favor su ayuda con regularización de NC emitida en tienda ;;;;;;;;;;;;;;;;;;;;;;;;;;;;;;;;;;;;;;;;;;;;;;;;;;;;;;;;;;;;;;;;;;;;;;;;;;;;;;;;;;;;;;;;;;;;;;;;;;;;;;;;;;;;;;;;;;;;;;;;;;;;;;;;;Por favor su ayuda con regularización de NC emitida en tienda ;
ACTUALIZAR;;;;;;9981;0;103069691;1;;;35;57;22;1;1;0;0;0;;Por favor su ayuda con regularización de NC emitida en tienda ;;;;;;;;;;;;;;;;;;;;;;;;;;;;;;;;;;;;;;;;;;;;;;;;;;;;;;;;;;;;;;;;;;;;;;;;;;;;;;;;;;;;;;;;;;;;;;;;;;;;;;;;;;;;;;;;;;;;;;;;;;;;;;;;;Por favor su ayuda con regularización de NC emitida en tienda ;
ACTUALIZAR;;;;;;9981;0;103069724;1;;;35;57;22;1;1;0;0;0;;Por favor su ayuda con regularización de NC emitida en tienda ;;;;;;;;;;;;;;;;;;;;;;;;;;;;;;;;;;;;;;;;;;;;;;;;;;;;;;;;;;;;;;;;;;;;;;;;;;;;;;;;;;;;;;;;;;;;;;;;;;;;;;;;;;;;;;;;;;;;;;;;;;;;;;;;;Por favor su ayuda con regularización de NC emitida en tienda ;
ACTUALIZAR;;;;;;9981;0;103069755;1;;;35;57;22;1;1;0;0;0;;Por favor su ayuda con regularización de NC emitida en tienda ;;;;;;;;;;;;;;;;;;;;;;;;;;;;;;;;;;;;;;;;;;;;;;;;;;;;;;;;;;;;;;;;;;;;;;;;;;;;;;;;;;;;;;;;;;;;;;;;;;;;;;;;;;;;;;;;;;;;;;;;;;;;;;;;;Por favor su ayuda con regularización de NC emitida en tienda ;
ACTUALIZAR;;;;;;9981;0;103069778;1;;;35;57;22;1;1;0;0;0;;Por favor su ayuda con regularización de NC emitida en tienda ;;;;;;;;;;;;;;;;;;;;;;;;;;;;;;;;;;;;;;;;;;;;;;;;;;;;;;;;;;;;;;;;;;;;;;;;;;;;;;;;;;;;;;;;;;;;;;;;;;;;;;;;;;;;;;;;;;;;;;;;;;;;;;;;;Por favor su ayuda con regularización de NC emitida en tienda ;
ACTUALIZAR;;;;;;9981;0;103069788;1;;;35;57;22;1;1;0;0;0;;Por favor su ayuda con regularización de NC emitida en tienda ;;;;;;;;;;;;;;;;;;;;;;;;;;;;;;;;;;;;;;;;;;;;;;;;;;;;;;;;;;;;;;;;;;;;;;;;;;;;;;;;;;;;;;;;;;;;;;;;;;;;;;;;;;;;;;;;;;;;;;;;;;;;;;;;;Por favor su ayuda con regularización de NC emitida en tienda ;
ACTUALIZAR;;;;;;9981;0;103069793;1;;;35;57;22;1;1;0;0;0;;Por favor su ayuda con regularización de NC emitida en tienda ;;;;;;;;;;;;;;;;;;;;;;;;;;;;;;;;;;;;;;;;;;;;;;;;;;;;;;;;;;;;;;;;;;;;;;;;;;;;;;;;;;;;;;;;;;;;;;;;;;;;;;;;;;;;;;;;;;;;;;;;;;;;;;;;;Por favor su ayuda con regularización de NC emitida en tienda ;
ACTUALIZAR;;;;;;9981;0;103069843;1;;;35;57;22;1;1;0;0;0;;Por favor su ayuda con regularización de NC emitida en tienda ;;;;;;;;;;;;;;;;;;;;;;;;;;;;;;;;;;;;;;;;;;;;;;;;;;;;;;;;;;;;;;;;;;;;;;;;;;;;;;;;;;;;;;;;;;;;;;;;;;;;;;;;;;;;;;;;;;;;;;;;;;;;;;;;;Por favor su ayuda con regularización de NC emitida en tienda ;
ACTUALIZAR;;;;;;9981;0;103069845;1;;;35;57;22;1;1;0;0;0;;Por favor su ayuda con regularización de NC emitida en tienda ;;;;;;;;;;;;;;;;;;;;;;;;;;;;;;;;;;;;;;;;;;;;;;;;;;;;;;;;;;;;;;;;;;;;;;;;;;;;;;;;;;;;;;;;;;;;;;;;;;;;;;;;;;;;;;;;;;;;;;;;;;;;;;;;;Por favor su ayuda con regularización de NC emitida en tienda ;
ACTUALIZAR;;;;;;9981;0;103069851;1;;;35;57;22;1;1;0;0;0;;Por favor su ayuda con regularización de NC emitida en tienda ;;;;;;;;;;;;;;;;;;;;;;;;;;;;;;;;;;;;;;;;;;;;;;;;;;;;;;;;;;;;;;;;;;;;;;;;;;;;;;;;;;;;;;;;;;;;;;;;;;;;;;;;;;;;;;;;;;;;;;;;;;;;;;;;;Por favor su ayuda con regularización de NC emitida en tienda ;
ACTUALIZAR;;;;;;9981;0;103069856;1;;;35;57;22;1;1;0;0;0;;Por favor su ayuda con regularización de NC emitida en tienda ;;;;;;;;;;;;;;;;;;;;;;;;;;;;;;;;;;;;;;;;;;;;;;;;;;;;;;;;;;;;;;;;;;;;;;;;;;;;;;;;;;;;;;;;;;;;;;;;;;;;;;;;;;;;;;;;;;;;;;;;;;;;;;;;;Por favor su ayuda con regularización de NC emitida en tienda ;
ACTUALIZAR;;;;;;9981;0;103069858;1;;;35;57;22;1;1;0;0;0;;Por favor su ayuda con regularización de NC emitida en tienda ;;;;;;;;;;;;;;;;;;;;;;;;;;;;;;;;;;;;;;;;;;;;;;;;;;;;;;;;;;;;;;;;;;;;;;;;;;;;;;;;;;;;;;;;;;;;;;;;;;;;;;;;;;;;;;;;;;;;;;;;;;;;;;;;;Por favor su ayuda con regularización de NC emitida en tienda ;
ACTUALIZAR;;;;;;9981;0;103069861;1;;;35;57;22;1;1;0;0;0;;Por favor su ayuda con regularización de NC emitida en tienda ;;;;;;;;;;;;;;;;;;;;;;;;;;;;;;;;;;;;;;;;;;;;;;;;;;;;;;;;;;;;;;;;;;;;;;;;;;;;;;;;;;;;;;;;;;;;;;;;;;;;;;;;;;;;;;;;;;;;;;;;;;;;;;;;;Por favor su ayuda con regularización de NC emitida en tienda ;
ACTUALIZAR;;;;;;9981;0;103069862;1;;;35;57;22;1;1;0;0;0;;Por favor su ayuda con regularización de NC emitida en tienda ;;;;;;;;;;;;;;;;;;;;;;;;;;;;;;;;;;;;;;;;;;;;;;;;;;;;;;;;;;;;;;;;;;;;;;;;;;;;;;;;;;;;;;;;;;;;;;;;;;;;;;;;;;;;;;;;;;;;;;;;;;;;;;;;;Por favor su ayuda con regularización de NC emitida en tienda ;
ACTUALIZAR;;;;;;9981;0;103069863;1;;;35;57;22;1;1;0;0;0;;Por favor su ayuda con regularización de NC emitida en tienda ;;;;;;;;;;;;;;;;;;;;;;;;;;;;;;;;;;;;;;;;;;;;;;;;;;;;;;;;;;;;;;;;;;;;;;;;;;;;;;;;;;;;;;;;;;;;;;;;;;;;;;;;;;;;;;;;;;;;;;;;;;;;;;;;;Por favor su ayuda con regularización de NC emitida en tienda ;
ACTUALIZAR;;;;;;9981;0;103069865;1;;;35;57;22;1;1;0;0;0;;Por favor su ayuda con regularización de NC emitida en tienda ;;;;;;;;;;;;;;;;;;;;;;;;;;;;;;;;;;;;;;;;;;;;;;;;;;;;;;;;;;;;;;;;;;;;;;;;;;;;;;;;;;;;;;;;;;;;;;;;;;;;;;;;;;;;;;;;;;;;;;;;;;;;;;;;;Por favor su ayuda con regularización de NC emitida en tienda ;
ACTUALIZAR;;;;;;9981;0;103069867;1;;;35;57;22;1;1;0;0;0;;Por favor su ayuda con regularización de NC emitida en tienda ;;;;;;;;;;;;;;;;;;;;;;;;;;;;;;;;;;;;;;;;;;;;;;;;;;;;;;;;;;;;;;;;;;;;;;;;;;;;;;;;;;;;;;;;;;;;;;;;;;;;;;;;;;;;;;;;;;;;;;;;;;;;;;;;;Por favor su ayuda con regularización de NC emitida en tienda ;
ACTUALIZAR;;;;;;9981;0;103069871;1;;;35;57;22;1;1;0;0;0;;Por favor su ayuda con regularización de NC emitida en tienda ;;;;;;;;;;;;;;;;;;;;;;;;;;;;;;;;;;;;;;;;;;;;;;;;;;;;;;;;;;;;;;;;;;;;;;;;;;;;;;;;;;;;;;;;;;;;;;;;;;;;;;;;;;;;;;;;;;;;;;;;;;;;;;;;;Por favor su ayuda con regularización de NC emitida en tienda ;
ACTUALIZAR;;;;;;9981;0;103069872;1;;;35;57;22;1;1;0;0;0;;Por favor su ayuda con regularización de NC emitida en tienda ;;;;;;;;;;;;;;;;;;;;;;;;;;;;;;;;;;;;;;;;;;;;;;;;;;;;;;;;;;;;;;;;;;;;;;;;;;;;;;;;;;;;;;;;;;;;;;;;;;;;;;;;;;;;;;;;;;;;;;;;;;;;;;;;;Por favor su ayuda con regularización de NC emitida en tienda ;
ACTUALIZAR;;;;;;9981;0;103069875;1;;;35;57;22;1;1;0;0;0;;Por favor su ayuda con regularización de NC emitida en tienda ;;;;;;;;;;;;;;;;;;;;;;;;;;;;;;;;;;;;;;;;;;;;;;;;;;;;;;;;;;;;;;;;;;;;;;;;;;;;;;;;;;;;;;;;;;;;;;;;;;;;;;;;;;;;;;;;;;;;;;;;;;;;;;;;;Por favor su ayuda con regularización de NC emitida en tienda ;
ACTUALIZAR;;;;;;9981;0;103069885;1;;;35;57;22;1;1;0;0;0;;Por favor su ayuda con regularización de NC emitida en tienda ;;;;;;;;;;;;;;;;;;;;;;;;;;;;;;;;;;;;;;;;;;;;;;;;;;;;;;;;;;;;;;;;;;;;;;;;;;;;;;;;;;;;;;;;;;;;;;;;;;;;;;;;;;;;;;;;;;;;;;;;;;;;;;;;;Por favor su ayuda con regularización de NC emitida en tienda ;
ACTUALIZAR;;;;;;9981;0;103069898;1;;;35;57;22;1;1;0;0;0;;Por favor su ayuda con regularización de NC emitida en tienda ;;;;;;;;;;;;;;;;;;;;;;;;;;;;;;;;;;;;;;;;;;;;;;;;;;;;;;;;;;;;;;;;;;;;;;;;;;;;;;;;;;;;;;;;;;;;;;;;;;;;;;;;;;;;;;;;;;;;;;;;;;;;;;;;;Por favor su ayuda con regularización de NC emitida en tienda ;
ACTUALIZAR;;;;;;9981;0;103069900;1;;;35;57;22;1;1;0;0;0;;Por favor su ayuda con regularización de NC emitida en tienda ;;;;;;;;;;;;;;;;;;;;;;;;;;;;;;;;;;;;;;;;;;;;;;;;;;;;;;;;;;;;;;;;;;;;;;;;;;;;;;;;;;;;;;;;;;;;;;;;;;;;;;;;;;;;;;;;;;;;;;;;;;;;;;;;;Por favor su ayuda con regularización de NC emitida en tienda ;
ACTUALIZAR;;;;;;9981;0;103069908;1;;;35;57;2;2;1;0;0;0;;Cierre masivo por retiro no rentable menor a $20.000;;;;;;;;;;;;;;;;;;;;;;;;;;;;;;;;;;;;;;;;;;;;;;;;;;;;;;;;;;;;;;;;;;;;;;;;;;;;;;;;;;;;;;;;;;;;;;;;;;;;;;;;;;;;;;;;;;;;;;;;;;;;;;;;;Cierre masivo por retiro no rentable menor a $20.000;
ACTUALIZAR;;;;;;9981;0;103069909;1;;;35;57;22;1;1;0;0;0;;Por favor su ayuda con regularización de NC emitida en tienda ;;;;;;;;;;;;;;;;;;;;;;;;;;;;;;;;;;;;;;;;;;;;;;;;;;;;;;;;;;;;;;;;;;;;;;;;;;;;;;;;;;;;;;;;;;;;;;;;;;;;;;;;;;;;;;;;;;;;;;;;;;;;;;;;;Por favor su ayuda con regularización de NC emitida en tienda ;
ACTUALIZAR;;;;;;9981;0;103069916;1;;;35;57;22;1;1;0;0;0;;Por favor su ayuda con regularización de NC emitida en tienda ;;;;;;;;;;;;;;;;;;;;;;;;;;;;;;;;;;;;;;;;;;;;;;;;;;;;;;;;;;;;;;;;;;;;;;;;;;;;;;;;;;;;;;;;;;;;;;;;;;;;;;;;;;;;;;;;;;;;;;;;;;;;;;;;;Por favor su ayuda con regularización de NC emitida en tienda ;
ACTUALIZAR;;;;;;9981;0;103069917;1;;;35;57;22;1;1;0;0;0;;Por favor su ayuda con regularización de NC emitida en tienda ;;;;;;;;;;;;;;;;;;;;;;;;;;;;;;;;;;;;;;;;;;;;;;;;;;;;;;;;;;;;;;;;;;;;;;;;;;;;;;;;;;;;;;;;;;;;;;;;;;;;;;;;;;;;;;;;;;;;;;;;;;;;;;;;;Por favor su ayuda con regularización de NC emitida en tienda ;
ACTUALIZAR;;;;;;9981;0;103069921;1;;;35;57;22;1;1;0;0;0;;Por favor su ayuda con regularización de NC emitida en tienda ;;;;;;;;;;;;;;;;;;;;;;;;;;;;;;;;;;;;;;;;;;;;;;;;;;;;;;;;;;;;;;;;;;;;;;;;;;;;;;;;;;;;;;;;;;;;;;;;;;;;;;;;;;;;;;;;;;;;;;;;;;;;;;;;;Por favor su ayuda con regularización de NC emitida en tienda ;
ACTUALIZAR;;;;;;9981;0;103069922;1;;;35;57;22;1;1;0;0;0;;Por favor su ayuda con regularización de NC emitida en tienda ;;;;;;;;;;;;;;;;;;;;;;;;;;;;;;;;;;;;;;;;;;;;;;;;;;;;;;;;;;;;;;;;;;;;;;;;;;;;;;;;;;;;;;;;;;;;;;;;;;;;;;;;;;;;;;;;;;;;;;;;;;;;;;;;;Por favor su ayuda con regularización de NC emitida en tienda ;
ACTUALIZAR;;;;;;9981;0;103069925;1;;;35;57;22;1;1;0;0;0;;Por favor su ayuda con regularización de NC emitida en tienda ;;;;;;;;;;;;;;;;;;;;;;;;;;;;;;;;;;;;;;;;;;;;;;;;;;;;;;;;;;;;;;;;;;;;;;;;;;;;;;;;;;;;;;;;;;;;;;;;;;;;;;;;;;;;;;;;;;;;;;;;;;;;;;;;;Por favor su ayuda con regularización de NC emitida en tienda ;
ACTUALIZAR;;;;;;9981;0;103069926;1;;;35;57;22;1;1;0;0;0;;Por favor su ayuda con regularización de NC emitida en tienda ;;;;;;;;;;;;;;;;;;;;;;;;;;;;;;;;;;;;;;;;;;;;;;;;;;;;;;;;;;;;;;;;;;;;;;;;;;;;;;;;;;;;;;;;;;;;;;;;;;;;;;;;;;;;;;;;;;;;;;;;;;;;;;;;;Por favor su ayuda con regularización de NC emitida en tienda ;
ACTUALIZAR;;;;;;9981;0;103069928;1;;;35;57;22;1;1;0;0;0;;Por favor su ayuda con regularización de NC emitida en tienda ;;;;;;;;;;;;;;;;;;;;;;;;;;;;;;;;;;;;;;;;;;;;;;;;;;;;;;;;;;;;;;;;;;;;;;;;;;;;;;;;;;;;;;;;;;;;;;;;;;;;;;;;;;;;;;;;;;;;;;;;;;;;;;;;;Por favor su ayuda con regularización de NC emitida en tienda ;
ACTUALIZAR;;;;;;9981;0;103069930;1;;;35;57;22;1;1;0;0;0;;Por favor su ayuda con regularización de NC emitida en tienda ;;;;;;;;;;;;;;;;;;;;;;;;;;;;;;;;;;;;;;;;;;;;;;;;;;;;;;;;;;;;;;;;;;;;;;;;;;;;;;;;;;;;;;;;;;;;;;;;;;;;;;;;;;;;;;;;;;;;;;;;;;;;;;;;;Por favor su ayuda con regularización de NC emitida en tienda ;
ACTUALIZAR;;;;;;9981;0;103069931;1;;;35;57;22;1;1;0;0;0;;Por favor su ayuda con regularización de NC emitida en tienda ;;;;;;;;;;;;;;;;;;;;;;;;;;;;;;;;;;;;;;;;;;;;;;;;;;;;;;;;;;;;;;;;;;;;;;;;;;;;;;;;;;;;;;;;;;;;;;;;;;;;;;;;;;;;;;;;;;;;;;;;;;;;;;;;;Por favor su ayuda con regularización de NC emitida en tienda ;
ACTUALIZAR;;;;;;9981;0;103069932;1;;;35;57;22;1;1;0;0;0;;Por favor su ayuda con regularización de NC emitida en tienda ;;;;;;;;;;;;;;;;;;;;;;;;;;;;;;;;;;;;;;;;;;;;;;;;;;;;;;;;;;;;;;;;;;;;;;;;;;;;;;;;;;;;;;;;;;;;;;;;;;;;;;;;;;;;;;;;;;;;;;;;;;;;;;;;;Por favor su ayuda con regularización de NC emitida en tienda ;
ACTUALIZAR;;;;;;9981;0;103069934;1;;;35;57;22;1;1;0;0;0;;Por favor su ayuda con regularización de NC emitida en tienda ;;;;;;;;;;;;;;;;;;;;;;;;;;;;;;;;;;;;;;;;;;;;;;;;;;;;;;;;;;;;;;;;;;;;;;;;;;;;;;;;;;;;;;;;;;;;;;;;;;;;;;;;;;;;;;;;;;;;;;;;;;;;;;;;;Por favor su ayuda con regularización de NC emitida en tienda ;
ACTUALIZAR;;;;;;9981;0;103069935;1;;;35;57;22;1;1;0;0;0;;Por favor su ayuda con regularización de NC emitida en tienda ;;;;;;;;;;;;;;;;;;;;;;;;;;;;;;;;;;;;;;;;;;;;;;;;;;;;;;;;;;;;;;;;;;;;;;;;;;;;;;;;;;;;;;;;;;;;;;;;;;;;;;;;;;;;;;;;;;;;;;;;;;;;;;;;;Por favor su ayuda con regularización de NC emitida en tienda ;
ACTUALIZAR;;;;;;9981;0;103069936;1;;;35;57;22;1;1;0;0;0;;Por favor su ayuda con regularización de NC emitida en tienda ;;;;;;;;;;;;;;;;;;;;;;;;;;;;;;;;;;;;;;;;;;;;;;;;;;;;;;;;;;;;;;;;;;;;;;;;;;;;;;;;;;;;;;;;;;;;;;;;;;;;;;;;;;;;;;;;;;;;;;;;;;;;;;;;;Por favor su ayuda con regularización de NC emitida en tienda ;
ACTUALIZAR;;;;;;9981;0;103069937;1;;;35;57;22;1;1;0;0;0;;Por favor su ayuda con regularización de NC emitida en tienda ;;;;;;;;;;;;;;;;;;;;;;;;;;;;;;;;;;;;;;;;;;;;;;;;;;;;;;;;;;;;;;;;;;;;;;;;;;;;;;;;;;;;;;;;;;;;;;;;;;;;;;;;;;;;;;;;;;;;;;;;;;;;;;;;;Por favor su ayuda con regularización de NC emitida en tienda ;
ACTUALIZAR;;;;;;9981;0;103069939;1;;;35;57;22;1;1;0;0;0;;Por favor su ayuda con regularización de NC emitida en tienda ;;;;;;;;;;;;;;;;;;;;;;;;;;;;;;;;;;;;;;;;;;;;;;;;;;;;;;;;;;;;;;;;;;;;;;;;;;;;;;;;;;;;;;;;;;;;;;;;;;;;;;;;;;;;;;;;;;;;;;;;;;;;;;;;;Por favor su ayuda con regularización de NC emitida en tienda ;
ACTUALIZAR;;;;;;9981;0;103069941;1;;;35;57;22;1;1;0;0;0;;Por favor su ayuda con regularización de NC emitida en tienda ;;;;;;;;;;;;;;;;;;;;;;;;;;;;;;;;;;;;;;;;;;;;;;;;;;;;;;;;;;;;;;;;;;;;;;;;;;;;;;;;;;;;;;;;;;;;;;;;;;;;;;;;;;;;;;;;;;;;;;;;;;;;;;;;;Por favor su ayuda con regularización de NC emitida en tienda ;
ACTUALIZAR;;;;;;9981;0;103069943;1;;;35;57;22;1;1;0;0;0;;Por favor su ayuda con regularización de NC emitida en tienda ;;;;;;;;;;;;;;;;;;;;;;;;;;;;;;;;;;;;;;;;;;;;;;;;;;;;;;;;;;;;;;;;;;;;;;;;;;;;;;;;;;;;;;;;;;;;;;;;;;;;;;;;;;;;;;;;;;;;;;;;;;;;;;;;;Por favor su ayuda con regularización de NC emitida en tienda ;
ACTUALIZAR;;;;;;9981;0;103069944;1;;;35;57;22;1;1;0;0;0;;Por favor su ayuda con regularización de NC emitida en tienda ;;;;;;;;;;;;;;;;;;;;;;;;;;;;;;;;;;;;;;;;;;;;;;;;;;;;;;;;;;;;;;;;;;;;;;;;;;;;;;;;;;;;;;;;;;;;;;;;;;;;;;;;;;;;;;;;;;;;;;;;;;;;;;;;;Por favor su ayuda con regularización de NC emitida en tienda ;
ACTUALIZAR;;;;;;9981;0;103069948;1;;;35;57;22;1;1;0;0;0;;Por favor su ayuda con regularización de NC emitida en tienda ;;;;;;;;;;;;;;;;;;;;;;;;;;;;;;;;;;;;;;;;;;;;;;;;;;;;;;;;;;;;;;;;;;;;;;;;;;;;;;;;;;;;;;;;;;;;;;;;;;;;;;;;;;;;;;;;;;;;;;;;;;;;;;;;;Por favor su ayuda con regularización de NC emitida en tienda ;
ACTUALIZAR;;;;;;9981;0;103069951;1;;;35;57;22;1;1;0;0;0;;Por favor su ayuda con regularización de NC emitida en tienda ;;;;;;;;;;;;;;;;;;;;;;;;;;;;;;;;;;;;;;;;;;;;;;;;;;;;;;;;;;;;;;;;;;;;;;;;;;;;;;;;;;;;;;;;;;;;;;;;;;;;;;;;;;;;;;;;;;;;;;;;;;;;;;;;;Por favor su ayuda con regularización de NC emitida en tienda ;
ACTUALIZAR;;;;;;9981;0;103069952;1;;;35;57;22;1;1;0;0;0;;Por favor su ayuda con regularización de NC emitida en tienda ;;;;;;;;;;;;;;;;;;;;;;;;;;;;;;;;;;;;;;;;;;;;;;;;;;;;;;;;;;;;;;;;;;;;;;;;;;;;;;;;;;;;;;;;;;;;;;;;;;;;;;;;;;;;;;;;;;;;;;;;;;;;;;;;;Por favor su ayuda con regularización de NC emitida en tienda ;
ACTUALIZAR;;;;;;9981;0;103069955;1;;;35;57;22;1;1;0;0;0;;Por favor su ayuda con regularización de NC emitida en tienda ;;;;;;;;;;;;;;;;;;;;;;;;;;;;;;;;;;;;;;;;;;;;;;;;;;;;;;;;;;;;;;;;;;;;;;;;;;;;;;;;;;;;;;;;;;;;;;;;;;;;;;;;;;;;;;;;;;;;;;;;;;;;;;;;;Por favor su ayuda con regularización de NC emitida en tienda ;
ACTUALIZAR;;;;;;9981;0;103069958;1;;;35;57;22;1;1;0;0;0;;Por favor su ayuda con regularización de NC emitida en tienda ;;;;;;;;;;;;;;;;;;;;;;;;;;;;;;;;;;;;;;;;;;;;;;;;;;;;;;;;;;;;;;;;;;;;;;;;;;;;;;;;;;;;;;;;;;;;;;;;;;;;;;;;;;;;;;;;;;;;;;;;;;;;;;;;;Por favor su ayuda con regularización de NC emitida en tienda ;
ACTUALIZAR;;;;;;9981;0;103069959;1;;;35;57;22;1;1;0;0;0;;Por favor su ayuda con regularización de NC emitida en tienda ;;;;;;;;;;;;;;;;;;;;;;;;;;;;;;;;;;;;;;;;;;;;;;;;;;;;;;;;;;;;;;;;;;;;;;;;;;;;;;;;;;;;;;;;;;;;;;;;;;;;;;;;;;;;;;;;;;;;;;;;;;;;;;;;;Por favor su ayuda con regularización de NC emitida en tienda ;
ACTUALIZAR;;;;;;9981;0;103069961;1;;;35;57;22;1;1;0;0;0;;Por favor su ayuda con regularización de NC emitida en tienda ;;;;;;;;;;;;;;;;;;;;;;;;;;;;;;;;;;;;;;;;;;;;;;;;;;;;;;;;;;;;;;;;;;;;;;;;;;;;;;;;;;;;;;;;;;;;;;;;;;;;;;;;;;;;;;;;;;;;;;;;;;;;;;;;;Por favor su ayuda con regularización de NC emitida en tienda ;
ACTUALIZAR;;;;;;9981;0;103069962;1;;;35;57;22;1;1;0;0;0;;Por favor su ayuda con regularización de NC emitida en tienda ;;;;;;;;;;;;;;;;;;;;;;;;;;;;;;;;;;;;;;;;;;;;;;;;;;;;;;;;;;;;;;;;;;;;;;;;;;;;;;;;;;;;;;;;;;;;;;;;;;;;;;;;;;;;;;;;;;;;;;;;;;;;;;;;;Por favor su ayuda con regularización de NC emitida en tienda ;
ACTUALIZAR;;;;;;9981;0;103069964;1;;;35;57;22;1;1;0;0;0;;Por favor su ayuda con regularización de NC emitida en tienda ;;;;;;;;;;;;;;;;;;;;;;;;;;;;;;;;;;;;;;;;;;;;;;;;;;;;;;;;;;;;;;;;;;;;;;;;;;;;;;;;;;;;;;;;;;;;;;;;;;;;;;;;;;;;;;;;;;;;;;;;;;;;;;;;;Por favor su ayuda con regularización de NC emitida en tienda ;
ACTUALIZAR;;;;;;9981;0;103069965;1;;;35;57;22;1;1;0;0;0;;Por favor su ayuda con regularización de NC emitida en tienda ;;;;;;;;;;;;;;;;;;;;;;;;;;;;;;;;;;;;;;;;;;;;;;;;;;;;;;;;;;;;;;;;;;;;;;;;;;;;;;;;;;;;;;;;;;;;;;;;;;;;;;;;;;;;;;;;;;;;;;;;;;;;;;;;;Por favor su ayuda con regularización de NC emitida en tienda ;
ACTUALIZAR;;;;;;9981;0;103069968;1;;;35;57;22;1;1;0;0;0;;Por favor su ayuda con regularización de NC emitida en tienda ;;;;;;;;;;;;;;;;;;;;;;;;;;;;;;;;;;;;;;;;;;;;;;;;;;;;;;;;;;;;;;;;;;;;;;;;;;;;;;;;;;;;;;;;;;;;;;;;;;;;;;;;;;;;;;;;;;;;;;;;;;;;;;;;;Por favor su ayuda con regularización de NC emitida en tienda ;
ACTUALIZAR;;;;;;9981;0;103069969;1;;;35;57;22;1;1;0;0;0;;Por favor su ayuda con regularización de NC emitida en tienda ;;;;;;;;;;;;;;;;;;;;;;;;;;;;;;;;;;;;;;;;;;;;;;;;;;;;;;;;;;;;;;;;;;;;;;;;;;;;;;;;;;;;;;;;;;;;;;;;;;;;;;;;;;;;;;;;;;;;;;;;;;;;;;;;;Por favor su ayuda con regularización de NC emitida en tienda ;
ACTUALIZAR;;;;;;9981;0;103069972;1;;;35;57;22;1;1;0;0;0;;Por favor su ayuda con regularización de NC emitida en tienda ;;;;;;;;;;;;;;;;;;;;;;;;;;;;;;;;;;;;;;;;;;;;;;;;;;;;;;;;;;;;;;;;;;;;;;;;;;;;;;;;;;;;;;;;;;;;;;;;;;;;;;;;;;;;;;;;;;;;;;;;;;;;;;;;;Por favor su ayuda con regularización de NC emitida en tienda ;
ACTUALIZAR;;;;;;9981;0;103069974;1;;;35;57;22;1;1;0;0;0;;Por favor su ayuda con regularización de NC emitida en tienda ;;;;;;;;;;;;;;;;;;;;;;;;;;;;;;;;;;;;;;;;;;;;;;;;;;;;;;;;;;;;;;;;;;;;;;;;;;;;;;;;;;;;;;;;;;;;;;;;;;;;;;;;;;;;;;;;;;;;;;;;;;;;;;;;;Por favor su ayuda con regularización de NC emitida en tienda ;
ACTUALIZAR;;;;;;9981;0;103070006;1;;;35;57;2;2;1;0;0;0;;Cierre masivo por retiro no rentable menor a $20.000;;;;;;;;;;;;;;;;;;;;;;;;;;;;;;;;;;;;;;;;;;;;;;;;;;;;;;;;;;;;;;;;;;;;;;;;;;;;;;;;;;;;;;;;;;;;;;;;;;;;;;;;;;;;;;;;;;;;;;;;;;;;;;;;;Cierre masivo por retiro no rentable menor a $20.000;
ACTUALIZAR;;;;;;9981;0;103070014;1;;;35;57;2;2;1;0;0;0;;Cierre masivo por retiro no rentable menor a $20.000;;;;;;;;;;;;;;;;;;;;;;;;;;;;;;;;;;;;;;;;;;;;;;;;;;;;;;;;;;;;;;;;;;;;;;;;;;;;;;;;;;;;;;;;;;;;;;;;;;;;;;;;;;;;;;;;;;;;;;;;;;;;;;;;;Cierre masivo por retiro no rentable menor a $20.000;
ACTUALIZAR;;;;;;9981;0;103070022;1;;;35;57;2;2;1;0;0;0;;Cierre masivo por retiro no rentable menor a $20.000;;;;;;;;;;;;;;;;;;;;;;;;;;;;;;;;;;;;;;;;;;;;;;;;;;;;;;;;;;;;;;;;;;;;;;;;;;;;;;;;;;;;;;;;;;;;;;;;;;;;;;;;;;;;;;;;;;;;;;;;;;;;;;;;;Cierre masivo por retiro no rentable menor a $20.000;
ACTUALIZAR;;;;;;9981;0;103070032;1;;;35;57;2;2;1;0;0;0;;Cierre masivo por retiro no rentable menor a $20.000;;;;;;;;;;;;;;;;;;;;;;;;;;;;;;;;;;;;;;;;;;;;;;;;;;;;;;;;;;;;;;;;;;;;;;;;;;;;;;;;;;;;;;;;;;;;;;;;;;;;;;;;;;;;;;;;;;;;;;;;;;;;;;;;;Cierre masivo por retiro no rentable menor a $20.000;
ACTUALIZAR;;;;;;9981;0;103070039;1;;;35;57;2;2;1;0;0;0;;Cierre masivo por retiro no rentable menor a $20.000;;;;;;;;;;;;;;;;;;;;;;;;;;;;;;;;;;;;;;;;;;;;;;;;;;;;;;;;;;;;;;;;;;;;;;;;;;;;;;;;;;;;;;;;;;;;;;;;;;;;;;;;;;;;;;;;;;;;;;;;;;;;;;;;;Cierre masivo por retiro no rentable menor a $20.000;
ACTUALIZAR;;;;;;9981;0;103070044;1;;;35;57;2;2;1;0;0;0;;Cierre masivo por retiro no rentable menor a $20.000;;;;;;;;;;;;;;;;;;;;;;;;;;;;;;;;;;;;;;;;;;;;;;;;;;;;;;;;;;;;;;;;;;;;;;;;;;;;;;;;;;;;;;;;;;;;;;;;;;;;;;;;;;;;;;;;;;;;;;;;;;;;;;;;;Cierre masivo por retiro no rentable menor a $20.000;
ACTUALIZAR;;;;;;9981;0;103070497;1;;;35;57;2;1;1;0;0;0;;Cierre masivo por retiro no rentable menor a $20.000;;;;;;;;;;;;;;;;;;;;;;;;;;;;;;;;;;;;;;;;;;;;;;;;;;;;;;;;;;;;;;;;;;;;;;;;;;;;;;;;;;;;;;;;;;;;;;;;;;;;;;;;;;;;;;;;;;;;;;;;;;;;;;;;;Cierre masivo por retiro no rentable menor a $20.000;
ACTUALIZAR;;;;;;9981;0;103070522;1;;;35;57;2;2;1;0;0;0;;Cierre masivo por retiro no rentable menor a $20.000;;;;;;;;;;;;;;;;;;;;;;;;;;;;;;;;;;;;;;;;;;;;;;;;;;;;;;;;;;;;;;;;;;;;;;;;;;;;;;;;;;;;;;;;;;;;;;;;;;;;;;;;;;;;;;;;;;;;;;;;;;;;;;;;;Cierre masivo por retiro no rentable menor a $20.000;
ACTUALIZAR;;;;;;9981;0;103070524;1;;;35;57;2;2;1;0;0;0;;Cierre masivo por retiro no rentable menor a $20.000;;;;;;;;;;;;;;;;;;;;;;;;;;;;;;;;;;;;;;;;;;;;;;;;;;;;;;;;;;;;;;;;;;;;;;;;;;;;;;;;;;;;;;;;;;;;;;;;;;;;;;;;;;;;;;;;;;;;;;;;;;;;;;;;;Cierre masivo por retiro no rentable menor a $20.000;
ACTUALIZAR;;;;;;9981;0;103070525;1;;;35;57;2;2;1;0;0;0;;Cierre masivo por retiro no rentable menor a $20.000;;;;;;;;;;;;;;;;;;;;;;;;;;;;;;;;;;;;;;;;;;;;;;;;;;;;;;;;;;;;;;;;;;;;;;;;;;;;;;;;;;;;;;;;;;;;;;;;;;;;;;;;;;;;;;;;;;;;;;;;;;;;;;;;;Cierre masivo por retiro no rentable menor a $20.000;
ACTUALIZAR;;;;;;9981;0;103070528;1;;;35;57;2;2;1;0;0;0;;Cierre masivo por retiro no rentable menor a $20.000;;;;;;;;;;;;;;;;;;;;;;;;;;;;;;;;;;;;;;;;;;;;;;;;;;;;;;;;;;;;;;;;;;;;;;;;;;;;;;;;;;;;;;;;;;;;;;;;;;;;;;;;;;;;;;;;;;;;;;;;;;;;;;;;;Cierre masivo por retiro no rentable menor a $20.000;
ACTUALIZAR;;;;;;9981;0;103070532;1;;;35;57;2;2;1;0;0;0;;Cierre masivo por retiro no rentable menor a $20.000;;;;;;;;;;;;;;;;;;;;;;;;;;;;;;;;;;;;;;;;;;;;;;;;;;;;;;;;;;;;;;;;;;;;;;;;;;;;;;;;;;;;;;;;;;;;;;;;;;;;;;;;;;;;;;;;;;;;;;;;;;;;;;;;;Cierre masivo por retiro no rentable menor a $20.000;
ACTUALIZAR;;;;;;9981;0;103070534;1;;;35;57;2;2;1;0;0;0;;Cierre masivo por retiro no rentable menor a $20.000;;;;;;;;;;;;;;;;;;;;;;;;;;;;;;;;;;;;;;;;;;;;;;;;;;;;;;;;;;;;;;;;;;;;;;;;;;;;;;;;;;;;;;;;;;;;;;;;;;;;;;;;;;;;;;;;;;;;;;;;;;;;;;;;;Cierre masivo por retiro no rentable menor a $20.000;
ACTUALIZAR;;;;;;9981;0;103070537;1;;;35;57;2;2;1;0;0;0;;Cierre masivo por retiro no rentable menor a $20.000;;;;;;;;;;;;;;;;;;;;;;;;;;;;;;;;;;;;;;;;;;;;;;;;;;;;;;;;;;;;;;;;;;;;;;;;;;;;;;;;;;;;;;;;;;;;;;;;;;;;;;;;;;;;;;;;;;;;;;;;;;;;;;;;;Cierre masivo por retiro no rentable menor a $20.000;
ACTUALIZAR;;;;;;9981;0;103070543;1;;;35;57;2;2;1;0;0;0;;Cierre masivo por retiro no rentable menor a $20.000;;;;;;;;;;;;;;;;;;;;;;;;;;;;;;;;;;;;;;;;;;;;;;;;;;;;;;;;;;;;;;;;;;;;;;;;;;;;;;;;;;;;;;;;;;;;;;;;;;;;;;;;;;;;;;;;;;;;;;;;;;;;;;;;;Cierre masivo por retiro no rentable menor a $20.000;
ACTUALIZAR;;;;;;9981;0;103070555;1;;;35;57;2;2;1;0;0;0;;Cierre masivo por retiro no rentable menor a $20.000;;;;;;;;;;;;;;;;;;;;;;;;;;;;;;;;;;;;;;;;;;;;;;;;;;;;;;;;;;;;;;;;;;;;;;;;;;;;;;;;;;;;;;;;;;;;;;;;;;;;;;;;;;;;;;;;;;;;;;;;;;;;;;;;;Cierre masivo por retiro no rentable menor a $20.000;
ACTUALIZAR;;;;;;9981;0;103070567;1;;;35;57;2;2;1;0;0;0;;Cierre masivo por retiro no rentable menor a $20.000;;;;;;;;;;;;;;;;;;;;;;;;;;;;;;;;;;;;;;;;;;;;;;;;;;;;;;;;;;;;;;;;;;;;;;;;;;;;;;;;;;;;;;;;;;;;;;;;;;;;;;;;;;;;;;;;;;;;;;;;;;;;;;;;;Cierre masivo por retiro no rentable menor a $20.000;
ACTUALIZAR;;;;;;9981;0;103070578;1;;;35;57;2;2;1;0;0;0;;Cierre masivo por retiro no rentable menor a $20.000;;;;;;;;;;;;;;;;;;;;;;;;;;;;;;;;;;;;;;;;;;;;;;;;;;;;;;;;;;;;;;;;;;;;;;;;;;;;;;;;;;;;;;;;;;;;;;;;;;;;;;;;;;;;;;;;;;;;;;;;;;;;;;;;;Cierre masivo por retiro no rentable menor a $20.000;
ACTUALIZAR;;;;;;9981;0;103070594;1;;;35;57;2;20;2;0;0;0;;Cierre masivo por retiro no rentable menor a $20.000;;;;;;;;;;;;;;;;;;;;;;;;;;;;;;;;;;;;;;;;;;;;;;;;;;;;;;;;;;;;;;;;;;;;;;;;;;;;;;;;;;;;;;;;;;;;;;;;;;;;;;;;;;;;;;;;;;;;;;;;;;;;;;;;;Cierre masivo por retiro no rentable menor a $20.000;
ACTUALIZAR;;;;;;9981;0;103070906;1;;;35;57;2;2;1;0;0;0;;Cierre masivo por retiro no rentable menor a $20.000;;;;;;;;;;;;;;;;;;;;;;;;;;;;;;;;;;;;;;;;;;;;;;;;;;;;;;;;;;;;;;;;;;;;;;;;;;;;;;;;;;;;;;;;;;;;;;;;;;;;;;;;;;;;;;;;;;;;;;;;;;;;;;;;;Cierre masivo por retiro no rentable menor a $20.000;
ACTUALIZAR;;;;;;9981;0;103070913;1;;;35;57;2;2;1;0;0;0;;Cierre masivo por retiro no rentable menor a $20.000;;;;;;;;;;;;;;;;;;;;;;;;;;;;;;;;;;;;;;;;;;;;;;;;;;;;;;;;;;;;;;;;;;;;;;;;;;;;;;;;;;;;;;;;;;;;;;;;;;;;;;;;;;;;;;;;;;;;;;;;;;;;;;;;;Cierre masivo por retiro no rentable menor a $20.000;
ACTUALIZAR;;;;;;9981;0;103070921;1;;;35;57;2;2;1;0;0;0;;Cierre masivo por retiro no rentable menor a $20.000;;;;;;;;;;;;;;;;;;;;;;;;;;;;;;;;;;;;;;;;;;;;;;;;;;;;;;;;;;;;;;;;;;;;;;;;;;;;;;;;;;;;;;;;;;;;;;;;;;;;;;;;;;;;;;;;;;;;;;;;;;;;;;;;;Cierre masivo por retiro no rentable menor a $20.000;
ACTUALIZAR;;;;;;9981;0;103070928;1;;;35;57;2;2;1;0;0;0;;Cierre masivo por retiro no rentable menor a $20.000;;;;;;;;;;;;;;;;;;;;;;;;;;;;;;;;;;;;;;;;;;;;;;;;;;;;;;;;;;;;;;;;;;;;;;;;;;;;;;;;;;;;;;;;;;;;;;;;;;;;;;;;;;;;;;;;;;;;;;;;;;;;;;;;;Cierre masivo por retiro no rentable menor a $20.000;
ACTUALIZAR;;;;;;9981;0;103070935;1;;;35;57;2;2;1;0;0;0;;Cierre masivo por retiro no rentable menor a $20.000;;;;;;;;;;;;;;;;;;;;;;;;;;;;;;;;;;;;;;;;;;;;;;;;;;;;;;;;;;;;;;;;;;;;;;;;;;;;;;;;;;;;;;;;;;;;;;;;;;;;;;;;;;;;;;;;;;;;;;;;;;;;;;;;;Cierre masivo por retiro no rentable menor a $20.000;
ACTUALIZAR;;;;;;9981;0;103070941;1;;;35;57;2;2;1;0;0;0;;Cierre masivo por retiro no rentable menor a $20.000;;;;;;;;;;;;;;;;;;;;;;;;;;;;;;;;;;;;;;;;;;;;;;;;;;;;;;;;;;;;;;;;;;;;;;;;;;;;;;;;;;;;;;;;;;;;;;;;;;;;;;;;;;;;;;;;;;;;;;;;;;;;;;;;;Cierre masivo por retiro no rentable menor a $20.000;
ACTUALIZAR;;;;;;9981;0;103070942;1;;;35;57;2;2;1;0;0;0;;Cierre masivo por retiro no rentable menor a $20.000;;;;;;;;;;;;;;;;;;;;;;;;;;;;;;;;;;;;;;;;;;;;;;;;;;;;;;;;;;;;;;;;;;;;;;;;;;;;;;;;;;;;;;;;;;;;;;;;;;;;;;;;;;;;;;;;;;;;;;;;;;;;;;;;;Cierre masivo por retiro no rentable menor a $20.000;
ACTUALIZAR;;;;;;9981;0;103070944;1;;;35;57;2;2;1;0;0;0;;Cierre masivo por retiro no rentable menor a $20.000;;;;;;;;;;;;;;;;;;;;;;;;;;;;;;;;;;;;;;;;;;;;;;;;;;;;;;;;;;;;;;;;;;;;;;;;;;;;;;;;;;;;;;;;;;;;;;;;;;;;;;;;;;;;;;;;;;;;;;;;;;;;;;;;;Cierre masivo por retiro no rentable menor a $20.000;
ACTUALIZAR;;;;;;9981;0;103070964;1;;;35;57;2;21;2;0;0;0;;Cierre masivo por retiro no rentable menor a $20.000;;;;;;;;;;;;;;;;;;;;;;;;;;;;;;;;;;;;;;;;;;;;;;;;;;;;;;;;;;;;;;;;;;;;;;;;;;;;;;;;;;;;;;;;;;;;;;;;;;;;;;;;;;;;;;;;;;;;;;;;;;;;;;;;;Cierre masivo por retiro no rentable menor a $20.000;
ACTUALIZAR;;;;;;9981;0;103070987;1;;;35;57;2;21;2;0;0;0;;Cierre masivo por retiro no rentable menor a $20.000;;;;;;;;;;;;;;;;;;;;;;;;;;;;;;;;;;;;;;;;;;;;;;;;;;;;;;;;;;;;;;;;;;;;;;;;;;;;;;;;;;;;;;;;;;;;;;;;;;;;;;;;;;;;;;;;;;;;;;;;;;;;;;;;;Cierre masivo por retiro no rentable menor a $20.000;
ACTUALIZAR;;;;;;9981;0;103071002;1;;;35;57;2;21;2;0;0;0;;Cierre masivo por retiro no rentable menor a $20.000;;;;;;;;;;;;;;;;;;;;;;;;;;;;;;;;;;;;;;;;;;;;;;;;;;;;;;;;;;;;;;;;;;;;;;;;;;;;;;;;;;;;;;;;;;;;;;;;;;;;;;;;;;;;;;;;;;;;;;;;;;;;;;;;;Cierre masivo por retiro no rentable menor a $20.000;
ACTUALIZAR;;;;;;9981;0;103071004;1;;;35;57;2;21;2;0;0;0;;Cierre masivo por retiro no rentable menor a $20.000;;;;;;;;;;;;;;;;;;;;;;;;;;;;;;;;;;;;;;;;;;;;;;;;;;;;;;;;;;;;;;;;;;;;;;;;;;;;;;;;;;;;;;;;;;;;;;;;;;;;;;;;;;;;;;;;;;;;;;;;;;;;;;;;;Cierre masivo por retiro no rentable menor a $20.000;
ACTUALIZAR;;;;;;9981;0;103071005;1;;;35;57;2;21;2;0;0;0;;Cierre masivo por retiro no rentable menor a $20.000;;;;;;;;;;;;;;;;;;;;;;;;;;;;;;;;;;;;;;;;;;;;;;;;;;;;;;;;;;;;;;;;;;;;;;;;;;;;;;;;;;;;;;;;;;;;;;;;;;;;;;;;;;;;;;;;;;;;;;;;;;;;;;;;;Cierre masivo por retiro no rentable menor a $20.000;
ACTUALIZAR;;;;;;9981;0;103071279;1;;;35;57;2;2;1;0;0;0;;Cierre masivo por retiro no rentable menor a $20.000;;;;;;;;;;;;;;;;;;;;;;;;;;;;;;;;;;;;;;;;;;;;;;;;;;;;;;;;;;;;;;;;;;;;;;;;;;;;;;;;;;;;;;;;;;;;;;;;;;;;;;;;;;;;;;;;;;;;;;;;;;;;;;;;;Cierre masivo por retiro no rentable menor a $20.000;
ACTUALIZAR;;;;;;9981;0;103071283;1;;;35;57;2;2;1;0;0;0;;Cierre masivo por retiro no rentable menor a $20.000;;;;;;;;;;;;;;;;;;;;;;;;;;;;;;;;;;;;;;;;;;;;;;;;;;;;;;;;;;;;;;;;;;;;;;;;;;;;;;;;;;;;;;;;;;;;;;;;;;;;;;;;;;;;;;;;;;;;;;;;;;;;;;;;;Cierre masivo por retiro no rentable menor a $20.000;
ACTUALIZAR;;;;;;9981;0;103071288;1;;;35;57;2;2;1;0;0;0;;Cierre masivo por retiro no rentable menor a $20.000;;;;;;;;;;;;;;;;;;;;;;;;;;;;;;;;;;;;;;;;;;;;;;;;;;;;;;;;;;;;;;;;;;;;;;;;;;;;;;;;;;;;;;;;;;;;;;;;;;;;;;;;;;;;;;;;;;;;;;;;;;;;;;;;;Cierre masivo por retiro no rentable menor a $20.000;
ACTUALIZAR;;;;;;9981;0;103071291;1;;;35;57;2;2;1;0;0;0;;Cierre masivo por retiro no rentable menor a $20.000;;;;;;;;;;;;;;;;;;;;;;;;;;;;;;;;;;;;;;;;;;;;;;;;;;;;;;;;;;;;;;;;;;;;;;;;;;;;;;;;;;;;;;;;;;;;;;;;;;;;;;;;;;;;;;;;;;;;;;;;;;;;;;;;;Cierre masivo por retiro no rentable menor a $20.000;
ACTUALIZAR;;;;;;9981;0;103071296;1;;;35;57;2;2;1;0;0;0;;Cierre masivo por retiro no rentable menor a $20.000;;;;;;;;;;;;;;;;;;;;;;;;;;;;;;;;;;;;;;;;;;;;;;;;;;;;;;;;;;;;;;;;;;;;;;;;;;;;;;;;;;;;;;;;;;;;;;;;;;;;;;;;;;;;;;;;;;;;;;;;;;;;;;;;;Cierre masivo por retiro no rentable menor a $20.000;
ACTUALIZAR;;;;;;9981;0;103071302;1;;;35;57;2;2;1;0;0;0;;Cierre masivo por retiro no rentable menor a $20.000;;;;;;;;;;;;;;;;;;;;;;;;;;;;;;;;;;;;;;;;;;;;;;;;;;;;;;;;;;;;;;;;;;;;;;;;;;;;;;;;;;;;;;;;;;;;;;;;;;;;;;;;;;;;;;;;;;;;;;;;;;;;;;;;;Cierre masivo por retiro no rentable menor a $20.000;
ACTUALIZAR;;;;;;9981;0;103071306;1;;;35;57;2;2;1;0;0;0;;Cierre masivo por retiro no rentable menor a $20.000;;;;;;;;;;;;;;;;;;;;;;;;;;;;;;;;;;;;;;;;;;;;;;;;;;;;;;;;;;;;;;;;;;;;;;;;;;;;;;;;;;;;;;;;;;;;;;;;;;;;;;;;;;;;;;;;;;;;;;;;;;;;;;;;;Cierre masivo por retiro no rentable menor a $20.000;
ACTUALIZAR;;;;;;9981;0;103071310;1;;;35;57;2;2;1;0;0;0;;Cierre masivo por retiro no rentable menor a $20.000;;;;;;;;;;;;;;;;;;;;;;;;;;;;;;;;;;;;;;;;;;;;;;;;;;;;;;;;;;;;;;;;;;;;;;;;;;;;;;;;;;;;;;;;;;;;;;;;;;;;;;;;;;;;;;;;;;;;;;;;;;;;;;;;;Cierre masivo por retiro no rentable menor a $20.000;
ACTUALIZAR;;;;;;9981;0;103071319;1;;;35;57;2;2;1;0;0;0;;Cierre masivo por retiro no rentable menor a $20.000;;;;;;;;;;;;;;;;;;;;;;;;;;;;;;;;;;;;;;;;;;;;;;;;;;;;;;;;;;;;;;;;;;;;;;;;;;;;;;;;;;;;;;;;;;;;;;;;;;;;;;;;;;;;;;;;;;;;;;;;;;;;;;;;;Cierre masivo por retiro no rentable menor a $20.000;
ACTUALIZAR;;;;;;9981;0;103071339;1;;;35;57;2;21;2;0;0;0;;Cierre masivo por retiro no rentable menor a $20.000;;;;;;;;;;;;;;;;;;;;;;;;;;;;;;;;;;;;;;;;;;;;;;;;;;;;;;;;;;;;;;;;;;;;;;;;;;;;;;;;;;;;;;;;;;;;;;;;;;;;;;;;;;;;;;;;;;;;;;;;;;;;;;;;;Cierre masivo por retiro no rentable menor a $20.000;
ACTUALIZAR;;;;;;9981;0;103071343;1;;;35;57;2;21;2;0;0;0;;Cierre masivo por retiro no rentable menor a $20.000;;;;;;;;;;;;;;;;;;;;;;;;;;;;;;;;;;;;;;;;;;;;;;;;;;;;;;;;;;;;;;;;;;;;;;;;;;;;;;;;;;;;;;;;;;;;;;;;;;;;;;;;;;;;;;;;;;;;;;;;;;;;;;;;;Cierre masivo por retiro no rentable menor a $20.000;
ACTUALIZAR;;;;;;9981;0;103071370;1;;;35;57;2;20;2;0;0;0;;Cierre masivo por retiro no rentable menor a $20.000;;;;;;;;;;;;;;;;;;;;;;;;;;;;;;;;;;;;;;;;;;;;;;;;;;;;;;;;;;;;;;;;;;;;;;;;;;;;;;;;;;;;;;;;;;;;;;;;;;;;;;;;;;;;;;;;;;;;;;;;;;;;;;;;;Cierre masivo por retiro no rentable menor a $20.000;
ACTUALIZAR;;;;;;9981;0;103071384;1;;;35;57;2;20;2;0;0;0;;Cierre masivo por retiro no rentable menor a $20.000;;;;;;;;;;;;;;;;;;;;;;;;;;;;;;;;;;;;;;;;;;;;;;;;;;;;;;;;;;;;;;;;;;;;;;;;;;;;;;;;;;;;;;;;;;;;;;;;;;;;;;;;;;;;;;;;;;;;;;;;;;;;;;;;;Cierre masivo por retiro no rentable menor a $20.000;
ACTUALIZAR;;;;;;9981;0;103071618;1;;;35;57;2;1;1;0;0;0;;Cierre masivo por retiro no rentable menor a $20.000;;;;;;;;;;;;;;;;;;;;;;;;;;;;;;;;;;;;;;;;;;;;;;;;;;;;;;;;;;;;;;;;;;;;;;;;;;;;;;;;;;;;;;;;;;;;;;;;;;;;;;;;;;;;;;;;;;;;;;;;;;;;;;;;;Cierre masivo por retiro no rentable menor a $20.000;
ACTUALIZAR;;;;;;9981;0;103071619;1;;;35;57;2;1;1;0;0;0;;Cierre masivo por retiro no rentable menor a $20.000;;;;;;;;;;;;;;;;;;;;;;;;;;;;;;;;;;;;;;;;;;;;;;;;;;;;;;;;;;;;;;;;;;;;;;;;;;;;;;;;;;;;;;;;;;;;;;;;;;;;;;;;;;;;;;;;;;;;;;;;;;;;;;;;;Cierre masivo por retiro no rentable menor a $20.000;
ACTUALIZAR;;;;;;9981;0;103071641;1;;;35;57;2;1;1;0;0;0;;Cierre masivo por retiro no rentable menor a $20.000;;;;;;;;;;;;;;;;;;;;;;;;;;;;;;;;;;;;;;;;;;;;;;;;;;;;;;;;;;;;;;;;;;;;;;;;;;;;;;;;;;;;;;;;;;;;;;;;;;;;;;;;;;;;;;;;;;;;;;;;;;;;;;;;;Cierre masivo por retiro no rentable menor a $20.000;
ACTUALIZAR;;;;;;9981;0;103071662;1;;;35;57;2;2;1;0;0;0;;Cierre masivo por retiro no rentable menor a $20.000;;;;;;;;;;;;;;;;;;;;;;;;;;;;;;;;;;;;;;;;;;;;;;;;;;;;;;;;;;;;;;;;;;;;;;;;;;;;;;;;;;;;;;;;;;;;;;;;;;;;;;;;;;;;;;;;;;;;;;;;;;;;;;;;;Cierre masivo por retiro no rentable menor a $20.000;
ACTUALIZAR;;;;;;9981;0;103071664;1;;;35;57;2;2;1;0;0;0;;Cierre masivo por retiro no rentable menor a $20.000;;;;;;;;;;;;;;;;;;;;;;;;;;;;;;;;;;;;;;;;;;;;;;;;;;;;;;;;;;;;;;;;;;;;;;;;;;;;;;;;;;;;;;;;;;;;;;;;;;;;;;;;;;;;;;;;;;;;;;;;;;;;;;;;;Cierre masivo por retiro no rentable menor a $20.000;
ACTUALIZAR;;;;;;9981;0;103071671;1;;;35;57;2;2;1;0;0;0;;Cierre masivo por retiro no rentable menor a $20.000;;;;;;;;;;;;;;;;;;;;;;;;;;;;;;;;;;;;;;;;;;;;;;;;;;;;;;;;;;;;;;;;;;;;;;;;;;;;;;;;;;;;;;;;;;;;;;;;;;;;;;;;;;;;;;;;;;;;;;;;;;;;;;;;;Cierre masivo por retiro no rentable menor a $20.000;
ACTUALIZAR;;;;;;9981;0;103071675;1;;;35;57;2;2;1;0;0;0;;Cierre masivo por retiro no rentable menor a $20.000;;;;;;;;;;;;;;;;;;;;;;;;;;;;;;;;;;;;;;;;;;;;;;;;;;;;;;;;;;;;;;;;;;;;;;;;;;;;;;;;;;;;;;;;;;;;;;;;;;;;;;;;;;;;;;;;;;;;;;;;;;;;;;;;;Cierre masivo por retiro no rentable menor a $20.000;
ACTUALIZAR;;;;;;9981;0;103071676;1;;;35;57;2;2;1;0;0;0;;Cierre masivo por retiro no rentable menor a $20.000;;;;;;;;;;;;;;;;;;;;;;;;;;;;;;;;;;;;;;;;;;;;;;;;;;;;;;;;;;;;;;;;;;;;;;;;;;;;;;;;;;;;;;;;;;;;;;;;;;;;;;;;;;;;;;;;;;;;;;;;;;;;;;;;;Cierre masivo por retiro no rentable menor a $20.000;
ACTUALIZAR;;;;;;9981;0;103071679;1;;;35;57;2;2;1;0;0;0;;Cierre masivo por retiro no rentable menor a $20.000;;;;;;;;;;;;;;;;;;;;;;;;;;;;;;;;;;;;;;;;;;;;;;;;;;;;;;;;;;;;;;;;;;;;;;;;;;;;;;;;;;;;;;;;;;;;;;;;;;;;;;;;;;;;;;;;;;;;;;;;;;;;;;;;;Cierre masivo por retiro no rentable menor a $20.000;
ACTUALIZAR;;;;;;9981;0;103071704;1;;;35;57;2;2;1;0;0;0;;Cierre masivo por retiro no rentable menor a $20.000;;;;;;;;;;;;;;;;;;;;;;;;;;;;;;;;;;;;;;;;;;;;;;;;;;;;;;;;;;;;;;;;;;;;;;;;;;;;;;;;;;;;;;;;;;;;;;;;;;;;;;;;;;;;;;;;;;;;;;;;;;;;;;;;;Cierre masivo por retiro no rentable menor a $20.000;
ACTUALIZAR;;;;;;9981;0;103071707;1;;;35;57;2;2;1;0;0;0;;Cierre masivo por retiro no rentable menor a $20.000;;;;;;;;;;;;;;;;;;;;;;;;;;;;;;;;;;;;;;;;;;;;;;;;;;;;;;;;;;;;;;;;;;;;;;;;;;;;;;;;;;;;;;;;;;;;;;;;;;;;;;;;;;;;;;;;;;;;;;;;;;;;;;;;;Cierre masivo por retiro no rentable menor a $20.000;
ACTUALIZAR;;;;;;9981;0;103071997;1;;;35;57;2;1;1;0;0;0;;Cierre masivo por retiro no rentable menor a $20.000;;;;;;;;;;;;;;;;;;;;;;;;;;;;;;;;;;;;;;;;;;;;;;;;;;;;;;;;;;;;;;;;;;;;;;;;;;;;;;;;;;;;;;;;;;;;;;;;;;;;;;;;;;;;;;;;;;;;;;;;;;;;;;;;;Cierre masivo por retiro no rentable menor a $20.000;
ACTUALIZAR;;;;;;9981;0;103072009;1;;;35;57;2;1;1;0;0;0;;Cierre masivo por retiro no rentable menor a $20.000;;;;;;;;;;;;;;;;;;;;;;;;;;;;;;;;;;;;;;;;;;;;;;;;;;;;;;;;;;;;;;;;;;;;;;;;;;;;;;;;;;;;;;;;;;;;;;;;;;;;;;;;;;;;;;;;;;;;;;;;;;;;;;;;;Cierre masivo por retiro no rentable menor a $20.000;
ACTUALIZAR;;;;;;9981;0;103072018;1;;;35;57;2;1;1;0;0;0;;Cierre masivo por retiro no rentable menor a $20.000;;;;;;;;;;;;;;;;;;;;;;;;;;;;;;;;;;;;;;;;;;;;;;;;;;;;;;;;;;;;;;;;;;;;;;;;;;;;;;;;;;;;;;;;;;;;;;;;;;;;;;;;;;;;;;;;;;;;;;;;;;;;;;;;;Cierre masivo por retiro no rentable menor a $20.000;
ACTUALIZAR;;;;;;9981;0;103072020;1;;;35;57;2;1;1;0;0;0;;Cierre masivo por retiro no rentable menor a $20.000;;;;;;;;;;;;;;;;;;;;;;;;;;;;;;;;;;;;;;;;;;;;;;;;;;;;;;;;;;;;;;;;;;;;;;;;;;;;;;;;;;;;;;;;;;;;;;;;;;;;;;;;;;;;;;;;;;;;;;;;;;;;;;;;;Cierre masivo por retiro no rentable menor a $20.000;
ACTUALIZAR;;;;;;9981;0;103072051;1;;;35;57;2;2;1;0;0;0;;Cierre masivo por retiro no rentable menor a $20.000;;;;;;;;;;;;;;;;;;;;;;;;;;;;;;;;;;;;;;;;;;;;;;;;;;;;;;;;;;;;;;;;;;;;;;;;;;;;;;;;;;;;;;;;;;;;;;;;;;;;;;;;;;;;;;;;;;;;;;;;;;;;;;;;;Cierre masivo por retiro no rentable menor a $20.000;
ACTUALIZAR;;;;;;9981;0;103072057;1;;;35;57;2;2;1;0;0;0;;Cierre masivo por retiro no rentable menor a $20.000;;;;;;;;;;;;;;;;;;;;;;;;;;;;;;;;;;;;;;;;;;;;;;;;;;;;;;;;;;;;;;;;;;;;;;;;;;;;;;;;;;;;;;;;;;;;;;;;;;;;;;;;;;;;;;;;;;;;;;;;;;;;;;;;;Cierre masivo por retiro no rentable menor a $20.000;
ACTUALIZAR;;;;;;9981;0;103072058;1;;;35;57;2;2;1;0;0;0;;Cierre masivo por retiro no rentable menor a $20.000;;;;;;;;;;;;;;;;;;;;;;;;;;;;;;;;;;;;;;;;;;;;;;;;;;;;;;;;;;;;;;;;;;;;;;;;;;;;;;;;;;;;;;;;;;;;;;;;;;;;;;;;;;;;;;;;;;;;;;;;;;;;;;;;;Cierre masivo por retiro no rentable menor a $20.000;
ACTUALIZAR;;;;;;9981;0;103072059;1;;;35;57;2;2;1;0;0;0;;Cierre masivo por retiro no rentable menor a $20.000;;;;;;;;;;;;;;;;;;;;;;;;;;;;;;;;;;;;;;;;;;;;;;;;;;;;;;;;;;;;;;;;;;;;;;;;;;;;;;;;;;;;;;;;;;;;;;;;;;;;;;;;;;;;;;;;;;;;;;;;;;;;;;;;;Cierre masivo por retiro no rentable menor a $20.000;
ACTUALIZAR;;;;;;9981;0;103072062;1;;;35;57;2;2;1;0;0;0;;Cierre masivo por retiro no rentable menor a $20.000;;;;;;;;;;;;;;;;;;;;;;;;;;;;;;;;;;;;;;;;;;;;;;;;;;;;;;;;;;;;;;;;;;;;;;;;;;;;;;;;;;;;;;;;;;;;;;;;;;;;;;;;;;;;;;;;;;;;;;;;;;;;;;;;;Cierre masivo por retiro no rentable menor a $20.000;
ACTUALIZAR;;;;;;9981;0;103072071;1;;;35;57;2;2;1;0;0;0;;Cierre masivo por retiro no rentable menor a $20.000;;;;;;;;;;;;;;;;;;;;;;;;;;;;;;;;;;;;;;;;;;;;;;;;;;;;;;;;;;;;;;;;;;;;;;;;;;;;;;;;;;;;;;;;;;;;;;;;;;;;;;;;;;;;;;;;;;;;;;;;;;;;;;;;;Cierre masivo por retiro no rentable menor a $20.000;
ACTUALIZAR;;;;;;9981;0;103072076;1;;;35;57;2;2;1;0;0;0;;Cierre masivo por retiro no rentable menor a $20.000;;;;;;;;;;;;;;;;;;;;;;;;;;;;;;;;;;;;;;;;;;;;;;;;;;;;;;;;;;;;;;;;;;;;;;;;;;;;;;;;;;;;;;;;;;;;;;;;;;;;;;;;;;;;;;;;;;;;;;;;;;;;;;;;;Cierre masivo por retiro no rentable menor a $20.000;
ACTUALIZAR;;;;;;9981;0;103072084;1;;;35;57;2;2;1;0;0;0;;Cierre masivo por retiro no rentable menor a $20.000;;;;;;;;;;;;;;;;;;;;;;;;;;;;;;;;;;;;;;;;;;;;;;;;;;;;;;;;;;;;;;;;;;;;;;;;;;;;;;;;;;;;;;;;;;;;;;;;;;;;;;;;;;;;;;;;;;;;;;;;;;;;;;;;;Cierre masivo por retiro no rentable menor a $20.000;
ACTUALIZAR;;;;;;9981;0;103072345;1;;;35;57;2;1;1;0;0;0;;Cierre masivo por retiro no rentable menor a $20.000;;;;;;;;;;;;;;;;;;;;;;;;;;;;;;;;;;;;;;;;;;;;;;;;;;;;;;;;;;;;;;;;;;;;;;;;;;;;;;;;;;;;;;;;;;;;;;;;;;;;;;;;;;;;;;;;;;;;;;;;;;;;;;;;;Cierre masivo por retiro no rentable menor a $20.000;
ACTUALIZAR;;;;;;9981;0;103072349;1;;;35;57;2;1;1;0;0;0;;Cierre masivo por retiro no rentable menor a $20.000;;;;;;;;;;;;;;;;;;;;;;;;;;;;;;;;;;;;;;;;;;;;;;;;;;;;;;;;;;;;;;;;;;;;;;;;;;;;;;;;;;;;;;;;;;;;;;;;;;;;;;;;;;;;;;;;;;;;;;;;;;;;;;;;;Cierre masivo por retiro no rentable menor a $20.000;
ACTUALIZAR;;;;;;9981;0;103072354;1;;;35;57;2;1;1;0;0;0;;Cierre masivo por retiro no rentable menor a $20.000;;;;;;;;;;;;;;;;;;;;;;;;;;;;;;;;;;;;;;;;;;;;;;;;;;;;;;;;;;;;;;;;;;;;;;;;;;;;;;;;;;;;;;;;;;;;;;;;;;;;;;;;;;;;;;;;;;;;;;;;;;;;;;;;;Cierre masivo por retiro no rentable menor a $20.000;
ACTUALIZAR;;;;;;9981;0;103072365;1;;;35;57;2;2;1;0;0;0;;Cierre masivo por retiro no rentable menor a $20.000;;;;;;;;;;;;;;;;;;;;;;;;;;;;;;;;;;;;;;;;;;;;;;;;;;;;;;;;;;;;;;;;;;;;;;;;;;;;;;;;;;;;;;;;;;;;;;;;;;;;;;;;;;;;;;;;;;;;;;;;;;;;;;;;;Cierre masivo por retiro no rentable menor a $20.000;
ACTUALIZAR;;;;;;9981;0;103072370;1;;;35;57;2;2;1;0;0;0;;Cierre masivo por retiro no rentable menor a $20.000;;;;;;;;;;;;;;;;;;;;;;;;;;;;;;;;;;;;;;;;;;;;;;;;;;;;;;;;;;;;;;;;;;;;;;;;;;;;;;;;;;;;;;;;;;;;;;;;;;;;;;;;;;;;;;;;;;;;;;;;;;;;;;;;;Cierre masivo por retiro no rentable menor a $20.000;
ACTUALIZAR;;;;;;9981;0;103072374;1;;;35;57;2;2;1;0;0;0;;Cierre masivo por retiro no rentable menor a $20.000;;;;;;;;;;;;;;;;;;;;;;;;;;;;;;;;;;;;;;;;;;;;;;;;;;;;;;;;;;;;;;;;;;;;;;;;;;;;;;;;;;;;;;;;;;;;;;;;;;;;;;;;;;;;;;;;;;;;;;;;;;;;;;;;;Cierre masivo por retiro no rentable menor a $20.000;
ACTUALIZAR;;;;;;9981;0;103072391;1;;;35;57;2;21;2;0;0;0;;Cierre masivo por retiro no rentable menor a $20.000;;;;;;;;;;;;;;;;;;;;;;;;;;;;;;;;;;;;;;;;;;;;;;;;;;;;;;;;;;;;;;;;;;;;;;;;;;;;;;;;;;;;;;;;;;;;;;;;;;;;;;;;;;;;;;;;;;;;;;;;;;;;;;;;;Cierre masivo por retiro no rentable menor a $20.000;
ACTUALIZAR;;;;;;9981;0;103072404;1;;;35;57;2;21;2;0;0;0;;Cierre masivo por retiro no rentable menor a $20.000;;;;;;;;;;;;;;;;;;;;;;;;;;;;;;;;;;;;;;;;;;;;;;;;;;;;;;;;;;;;;;;;;;;;;;;;;;;;;;;;;;;;;;;;;;;;;;;;;;;;;;;;;;;;;;;;;;;;;;;;;;;;;;;;;Cierre masivo por retiro no rentable menor a $20.000;
ACTUALIZAR;;;;;;9981;0;103072415;1;;;35;57;2;21;2;0;0;0;;Cierre masivo por retiro no rentable menor a $20.000;;;;;;;;;;;;;;;;;;;;;;;;;;;;;;;;;;;;;;;;;;;;;;;;;;;;;;;;;;;;;;;;;;;;;;;;;;;;;;;;;;;;;;;;;;;;;;;;;;;;;;;;;;;;;;;;;;;;;;;;;;;;;;;;;Cierre masivo por retiro no rentable menor a $20.000;
